https://www.betexplorer.com/soccer/england/premier-league/,results,https://www.betexplorer.com/soccer/england/premier-league/results
https://www.betexplorer.com/soccer/england/championship/,results,https://www.betexplorer.com/soccer/england/championship/results
https://www.betexplorer.com/soccer/england/league-one/,results,https://www.betexplorer.com/soccer/england/league-one/results
https://www.betexplorer.com/soccer/england/league-two/,results,https://www.betexplorer.com/soccer/england/league-two/results
https://www.betexplorer.com/soccer/england/national-league/,results,https://www.betexplorer.com/soccer/england/national-league/results
https://www.betexplorer.com/soccer/england/national-league-north/,results,https://www.betexplorer.com/soccer/england/national-league-north/results
https://www.betexplorer.com/soccer/england/national-league-south/,results,https://www.betexplorer.com/soccer/england/national-league-south/results
https://www.betexplorer.com/soccer/england/npl-premier-division/,results,https://www.betexplorer.com/soccer/england/npl-premier-division/results
https://www.betexplorer.com/soccer/england/southern-league-central-division/,results,https://www.betexplorer.com/soccer/england/southern-league-central-division/results
https://www.betexplorer.com/soccer/england/southern-league-south-division/,results,https://www.betexplorer.com/soccer/england/southern-league-south-division/results
https://www.betexplorer.com/soccer/england/isthmian-league-premier-division/,results,https://www.betexplorer.com/soccer/england/isthmian-league-premier-division/results
https://www.betexplorer.com/soccer/england/efl-cup/,results,https://www.betexplorer.com/soccer/england/efl-cup/results
https://www.betexplorer.com/soccer/england/efl-trophy/,results,https://www.betexplorer.com/soccer/england/efl-trophy/results
https://www.betexplorer.com/soccer/england/fa-cup/,results,https://www.betexplorer.com/soccer/england/fa-cup/results
https://www.betexplorer.com/soccer/england/fa-trophy/,results,https://www.betexplorer.com/soccer/england/fa-trophy/results
https://www.betexplorer.com/soccer/england/premier-league-cup/,results,https://www.betexplorer.com/soccer/england/premier-league-cup/results
https://www.betexplorer.com/soccer/england/premier-league-2/,results,https://www.betexplorer.com/soccer/england/premier-league-2/results
https://www.betexplorer.com/soccer/england/professional-development-league/,results,https://www.betexplorer.com/soccer/england/professional-development-league/results
https://www.betexplorer.com/soccer/england/premier-league-u18/,results,https://www.betexplorer.com/soccer/england/premier-league-u18/results
https://www.betexplorer.com/soccer/england/women-s-super-league/,results,https://www.betexplorer.com/soccer/england/women-s-super-league/results
https://www.betexplorer.com/soccer/england/women-s-championship/,results,https://www.betexplorer.com/soccer/england/women-s-championship/results
https://www.betexplorer.com/soccer/england/women-s-league-cup/,results,https://www.betexplorer.com/soccer/england/women-s-league-cup/results
https://www.betexplorer.com/soccer/england/fa-community-shield/,results,https://www.betexplorer.com/soccer/england/fa-community-shield/results
https://www.betexplorer.com/soccer/england/premier-league-2020-2021/,results,https://www.betexplorer.com/soccer/england/premier-league-2020-2021/results
https://www.betexplorer.com/soccer/england/championship-2020-2021/,results,https://www.betexplorer.com/soccer/england/championship-2020-2021/results
https://www.betexplorer.com/soccer/england/league-one-2020-2021/,results,https://www.betexplorer.com/soccer/england/league-one-2020-2021/results
https://www.betexplorer.com/soccer/england/league-two-2020-2021/,results,https://www.betexplorer.com/soccer/england/league-two-2020-2021/results
https://www.betexplorer.com/soccer/england/national-league-2020-2021/,results,https://www.betexplorer.com/soccer/england/national-league-2020-2021/results
https://www.betexplorer.com/soccer/england/national-league-north-2020-2021/,results,https://www.betexplorer.com/soccer/england/national-league-north-2020-2021/results
https://www.betexplorer.com/soccer/england/national-league-south-2020-2021/,results,https://www.betexplorer.com/soccer/england/national-league-south-2020-2021/results
https://www.betexplorer.com/soccer/england/npl-premier-division-2020-2021/,results,https://www.betexplorer.com/soccer/england/npl-premier-division-2020-2021/results
https://www.betexplorer.com/soccer/england/southern-league-central-division-2020-2021/,results,https://www.betexplorer.com/soccer/england/southern-league-central-division-2020-2021/results
https://www.betexplorer.com/soccer/england/southern-league-south-division-2020-2021/,results,https://www.betexplorer.com/soccer/england/southern-league-south-division-2020-2021/results
https://www.betexplorer.com/soccer/england/isthmian-league-premier-division-2020-2021/,results,https://www.betexplorer.com/soccer/england/isthmian-league-premier-division-2020-2021/results
https://www.betexplorer.com/soccer/england/efl-cup-2020-2021/,results,https://www.betexplorer.com/soccer/england/efl-cup-2020-2021/results
https://www.betexplorer.com/soccer/england/efl-trophy-2020-2021/,results,https://www.betexplorer.com/soccer/england/efl-trophy-2020-2021/results
https://www.betexplorer.com/soccer/england/fa-cup-2020-2021/,results,https://www.betexplorer.com/soccer/england/fa-cup-2020-2021/results
https://www.betexplorer.com/soccer/england/fa-trophy-2020-2021/,results,https://www.betexplorer.com/soccer/england/fa-trophy-2020-2021/results
https://www.betexplorer.com/soccer/england/premier-league-2-2020-2021/,results,https://www.betexplorer.com/soccer/england/premier-league-2-2020-2021/results
https://www.betexplorer.com/soccer/england/professional-development-league-2020-2021/,results,https://www.betexplorer.com/soccer/england/professional-development-league-2020-2021/results
https://www.betexplorer.com/soccer/england/premier-league-u18-2020-2021/,results,https://www.betexplorer.com/soccer/england/premier-league-u18-2020-2021/results
https://www.betexplorer.com/soccer/england/fa-youth-cup/,results,https://www.betexplorer.com/soccer/england/fa-youth-cup/results
https://www.betexplorer.com/soccer/england/women-s-super-league-2020-2021/,results,https://www.betexplorer.com/soccer/england/women-s-super-league-2020-2021/results
https://www.betexplorer.com/soccer/england/women-s-championship-2020-2021/,results,https://www.betexplorer.com/soccer/england/women-s-championship-2020-2021/results
https://www.betexplorer.com/soccer/england/women-s-fa-cup/,results,https://www.betexplorer.com/soccer/england/women-s-fa-cup/results
https://www.betexplorer.com/soccer/england/women-s-league-cup-2020-2021/,results,https://www.betexplorer.com/soccer/england/women-s-league-cup-2020-2021/results
https://www.betexplorer.com/soccer/england/fa-community-shield-2020/,results,https://www.betexplorer.com/soccer/england/fa-community-shield-2020/results
https://www.betexplorer.com/soccer/england/women-s-fa-community-shield/,results,https://www.betexplorer.com/soccer/england/women-s-fa-community-shield/results
https://www.betexplorer.com/soccer/england/premier-league-2019-2020/,results,https://www.betexplorer.com/soccer/england/premier-league-2019-2020/results
https://www.betexplorer.com/soccer/england/championship-2019-2020/,results,https://www.betexplorer.com/soccer/england/championship-2019-2020/results
https://www.betexplorer.com/soccer/england/league-one-2019-2020/,results,https://www.betexplorer.com/soccer/england/league-one-2019-2020/results
https://www.betexplorer.com/soccer/england/league-two-2019-2020/,results,https://www.betexplorer.com/soccer/england/league-two-2019-2020/results
https://www.betexplorer.com/soccer/england/national-league-2019-2020/,results,https://www.betexplorer.com/soccer/england/national-league-2019-2020/results
https://www.betexplorer.com/soccer/england/national-league-north-2019-2020/,results,https://www.betexplorer.com/soccer/england/national-league-north-2019-2020/results
https://www.betexplorer.com/soccer/england/national-league-south-2019-2020/,results,https://www.betexplorer.com/soccer/england/national-league-south-2019-2020/results
https://www.betexplorer.com/soccer/england/npl-premier-division-2019-2020/,results,https://www.betexplorer.com/soccer/england/npl-premier-division-2019-2020/results
https://www.betexplorer.com/soccer/england/southern-league-central-division-2019-2020/,results,https://www.betexplorer.com/soccer/england/southern-league-central-division-2019-2020/results
https://www.betexplorer.com/soccer/england/southern-league-south-division-2019-2020/,results,https://www.betexplorer.com/soccer/england/southern-league-south-division-2019-2020/results
https://www.betexplorer.com/soccer/england/isthmian-league-premier-division-2019-2020/,results,https://www.betexplorer.com/soccer/england/isthmian-league-premier-division-2019-2020/results
https://www.betexplorer.com/soccer/england/efl-cup-2019-2020/,results,https://www.betexplorer.com/soccer/england/efl-cup-2019-2020/results
https://www.betexplorer.com/soccer/england/efl-trophy-2019-2020/,results,https://www.betexplorer.com/soccer/england/efl-trophy-2019-2020/results
https://www.betexplorer.com/soccer/england/fa-cup-2019-2020/,results,https://www.betexplorer.com/soccer/england/fa-cup-2019-2020/results
https://www.betexplorer.com/soccer/england/fa-trophy-2019-2020/,results,https://www.betexplorer.com/soccer/england/fa-trophy-2019-2020/results
https://www.betexplorer.com/soccer/england/premier-league-cup-2019-2020/,results,https://www.betexplorer.com/soccer/england/premier-league-cup-2019-2020/results
https://www.betexplorer.com/soccer/england/premier-league-international-cup/,results,https://www.betexplorer.com/soccer/england/premier-league-international-cup/results
https://www.betexplorer.com/soccer/england/premier-league-2-2019-2020/,results,https://www.betexplorer.com/soccer/england/premier-league-2-2019-2020/results
https://www.betexplorer.com/soccer/england/professional-development-league-2019-2020/,results,https://www.betexplorer.com/soccer/england/professional-development-league-2019-2020/results
https://www.betexplorer.com/soccer/england/premier-league-u18-2019-2020/,results,https://www.betexplorer.com/soccer/england/premier-league-u18-2019-2020/results
https://www.betexplorer.com/soccer/england/fa-youth-cup-2019-2020/,results,https://www.betexplorer.com/soccer/england/fa-youth-cup-2019-2020/results
https://www.betexplorer.com/soccer/england/women-s-super-league-2019-2020/,results,https://www.betexplorer.com/soccer/england/women-s-super-league-2019-2020/results
https://www.betexplorer.com/soccer/england/women-s-championship-2019-2020/,results,https://www.betexplorer.com/soccer/england/women-s-championship-2019-2020/results
https://www.betexplorer.com/soccer/england/women-s-fa-cup-2019-2020/,results,https://www.betexplorer.com/soccer/england/women-s-fa-cup-2019-2020/results
https://www.betexplorer.com/soccer/england/women-s-league-cup-2019-2020/,results,https://www.betexplorer.com/soccer/england/women-s-league-cup-2019-2020/results
https://www.betexplorer.com/soccer/england/fa-community-shield-2019/,results,https://www.betexplorer.com/soccer/england/fa-community-shield-2019/results
https://www.betexplorer.com/soccer/england/premier-league-2018-2019/,results,https://www.betexplorer.com/soccer/england/premier-league-2018-2019/results
https://www.betexplorer.com/soccer/england/championship-2018-2019/,results,https://www.betexplorer.com/soccer/england/championship-2018-2019/results
https://www.betexplorer.com/soccer/england/league-one-2018-2019/,results,https://www.betexplorer.com/soccer/england/league-one-2018-2019/results
https://www.betexplorer.com/soccer/england/league-two-2018-2019/,results,https://www.betexplorer.com/soccer/england/league-two-2018-2019/results
https://www.betexplorer.com/soccer/england/national-league-2018-2019/,results,https://www.betexplorer.com/soccer/england/national-league-2018-2019/results
https://www.betexplorer.com/soccer/england/national-league-north-2018-2019/,results,https://www.betexplorer.com/soccer/england/national-league-north-2018-2019/results
https://www.betexplorer.com/soccer/england/national-league-south-2018-2019/,results,https://www.betexplorer.com/soccer/england/national-league-south-2018-2019/results
https://www.betexplorer.com/soccer/england/npl-premier-division-2018-2019/,results,https://www.betexplorer.com/soccer/england/npl-premier-division-2018-2019/results
https://www.betexplorer.com/soccer/england/southern-league-central-division-2018-2019/,results,https://www.betexplorer.com/soccer/england/southern-league-central-division-2018-2019/results
https://www.betexplorer.com/soccer/england/southern-league-south-division-2018-2019/,results,https://www.betexplorer.com/soccer/england/southern-league-south-division-2018-2019/results
https://www.betexplorer.com/soccer/england/isthmian-league-premier-division-2018-2019/,results,https://www.betexplorer.com/soccer/england/isthmian-league-premier-division-2018-2019/results
https://www.betexplorer.com/soccer/england/non-league-premier-play-offs/,results,https://www.betexplorer.com/soccer/england/non-league-premier-play-offs/results
https://www.betexplorer.com/soccer/england/efl-cup-2018-2019/,results,https://www.betexplorer.com/soccer/england/efl-cup-2018-2019/results
https://www.betexplorer.com/soccer/england/efl-trophy-2018-2019/,results,https://www.betexplorer.com/soccer/england/efl-trophy-2018-2019/results
https://www.betexplorer.com/soccer/england/fa-cup-2018-2019/,results,https://www.betexplorer.com/soccer/england/fa-cup-2018-2019/results
https://www.betexplorer.com/soccer/england/fa-trophy-2018-2019/,results,https://www.betexplorer.com/soccer/england/fa-trophy-2018-2019/results
https://www.betexplorer.com/soccer/england/premier-league-cup-2018-2019/,results,https://www.betexplorer.com/soccer/england/premier-league-cup-2018-2019/results
https://www.betexplorer.com/soccer/england/premier-league-international-cup-2018-2019/,results,https://www.betexplorer.com/soccer/england/premier-league-international-cup-2018-2019/results
https://www.betexplorer.com/soccer/england/premier-league-2-2018-2019/,results,https://www.betexplorer.com/soccer/england/premier-league-2-2018-2019/results
https://www.betexplorer.com/soccer/england/professional-development-league-2018-2019/,results,https://www.betexplorer.com/soccer/england/professional-development-league-2018-2019/results
https://www.betexplorer.com/soccer/england/premier-league-u18-2018-2019/,results,https://www.betexplorer.com/soccer/england/premier-league-u18-2018-2019/results
https://www.betexplorer.com/soccer/england/women-s-super-league-2018-2019/,results,https://www.betexplorer.com/soccer/england/women-s-super-league-2018-2019/results
https://www.betexplorer.com/soccer/england/women-s-championship-2018-2019/,results,https://www.betexplorer.com/soccer/england/women-s-championship-2018-2019/results
https://www.betexplorer.com/soccer/england/women-s-fa-cup-2018-2019/,results,https://www.betexplorer.com/soccer/england/women-s-fa-cup-2018-2019/results
https://www.betexplorer.com/soccer/england/women-s-league-cup-2018-2019/,results,https://www.betexplorer.com/soccer/england/women-s-league-cup-2018-2019/results
https://www.betexplorer.com/soccer/england/fa-community-shield-2018/,results,https://www.betexplorer.com/soccer/england/fa-community-shield-2018/results
https://www.betexplorer.com/soccer/england/premier-league-2017-2018/,results,https://www.betexplorer.com/soccer/england/premier-league-2017-2018/results
https://www.betexplorer.com/soccer/england/championship-2017-2018/,results,https://www.betexplorer.com/soccer/england/championship-2017-2018/results
https://www.betexplorer.com/soccer/england/league-one-2017-2018/,results,https://www.betexplorer.com/soccer/england/league-one-2017-2018/results
https://www.betexplorer.com/soccer/england/league-two-2017-2018/,results,https://www.betexplorer.com/soccer/england/league-two-2017-2018/results
https://www.betexplorer.com/soccer/england/national-league-2017-2018/,results,https://www.betexplorer.com/soccer/england/national-league-2017-2018/results
https://www.betexplorer.com/soccer/england/national-league-north-2017-2018/,results,https://www.betexplorer.com/soccer/england/national-league-north-2017-2018/results
https://www.betexplorer.com/soccer/england/national-league-south-2017-2018/,results,https://www.betexplorer.com/soccer/england/national-league-south-2017-2018/results
https://www.betexplorer.com/soccer/england/npl-premier-division-2017-2018/,results,https://www.betexplorer.com/soccer/england/npl-premier-division-2017-2018/results
https://www.betexplorer.com/soccer/england/isthmian-league-premier-division-2017-2018/,results,https://www.betexplorer.com/soccer/england/isthmian-league-premier-division-2017-2018/results
https://www.betexplorer.com/soccer/england/southern-premier-league/,results,https://www.betexplorer.com/soccer/england/southern-premier-league/results
https://www.betexplorer.com/soccer/england/efl-cup-2017-2018/,results,https://www.betexplorer.com/soccer/england/efl-cup-2017-2018/results
https://www.betexplorer.com/soccer/england/efl-trophy-2017-2018/,results,https://www.betexplorer.com/soccer/england/efl-trophy-2017-2018/results
https://www.betexplorer.com/soccer/england/fa-cup-2017-2018/,results,https://www.betexplorer.com/soccer/england/fa-cup-2017-2018/results
https://www.betexplorer.com/soccer/england/fa-trophy-2017-2018/,results,https://www.betexplorer.com/soccer/england/fa-trophy-2017-2018/results
https://www.betexplorer.com/soccer/england/premier-league-cup-2017-2018/,results,https://www.betexplorer.com/soccer/england/premier-league-cup-2017-2018/results
https://www.betexplorer.com/soccer/england/premier-league-international-cup-2017-2018/,results,https://www.betexplorer.com/soccer/england/premier-league-international-cup-2017-2018/results
https://www.betexplorer.com/soccer/england/premier-league-2-2017-2018/,results,https://www.betexplorer.com/soccer/england/premier-league-2-2017-2018/results
https://www.betexplorer.com/soccer/england/professional-development-league-2017-2018/,results,https://www.betexplorer.com/soccer/england/professional-development-league-2017-2018/results
https://www.betexplorer.com/soccer/england/premier-league-u18-2017-2018/,results,https://www.betexplorer.com/soccer/england/premier-league-u18-2017-2018/results
https://www.betexplorer.com/soccer/england/women-s-super-league-2017-2018/,results,https://www.betexplorer.com/soccer/england/women-s-super-league-2017-2018/results
https://www.betexplorer.com/soccer/england/women-s-championship-2017-2018/,results,https://www.betexplorer.com/soccer/england/women-s-championship-2017-2018/results
https://www.betexplorer.com/soccer/england/women-s-fa-cup-2017-2018/,results,https://www.betexplorer.com/soccer/england/women-s-fa-cup-2017-2018/results
