link,Name,Company Name,Address
https://www.realtor.com/realestateagents/56b6749e89a68901006cee69,Sherry Campbell,Energy Realty,1111 ELDRIDGE PKWY STE 200| HOUSTON| TX| 77077
https://www.realtor.com/realestateagents/56b005640fa4170100740481,Melinda Scott,Home & Ranch Real Estate,1275 FM 1362 N| Caldwell| TX| 77836
https://www.realtor.com/realestateagents/56d0083c2cfde101000081d3,Suzanne Noonan Murphy,RE/MAX ASSOCIATES NORTHEAST,2940 OAK ST| KINGWOOD| TX| 77339-5525
https://www.realtor.com/realestateagents/56cd2b517e54f7010023d75b,Luis F. Mendoza,"Veronica Mendoza Realty, LLC.",24654 KINGSLAND BLVD| KATY| TX| 77494
https://www.realtor.com/realestateagents/56c4ad720fa417010075e7d7,Dawn Beltrami,Walzel Properties,15420 Ridge Park Dr| Houston| TX| 77095
https://www.realtor.com/realestateagents/56b06d187e54f70100209127,Brittany Waterman,Steel Door Realty,249 W 19TH ST STE C| HOUSTON| TX| 77008
https://www.realtor.com/realestateagents/58f6c9d95647b20011bae63a,Cyrenian Scott,Nextgen Real Estate Properties,2799 KATY FWY STE 250| HOUSTON| TX| 77007
https://www.realtor.com/realestateagents/595a8ba6be897100126308a4,Lisa Flores,Re/Max Grand,5540 S PEEK RD| KATY| TX| 77450
https://www.realtor.com/realestateagents/5a033f187edb33001ca244bb,Linda Hardwick,Exp Realty LLC,1 RIVERWAY STE 1700| HOUSTON| TX| 77056
https://www.realtor.com/realestateagents/5673b37d0fa417010071ba3d,Nancy Macias Morales,Coldwell Banker Realty,8619 Broadway St Ste 200| Pearland| TX| 77584
https://www.realtor.com/realestateagents/5674858f7e54f701001e89fd,Brenda Bass,JLA Realty,5332 FM 1960 RD E STE C| HUMBLE| TX| 77346-2502
https://www.realtor.com/realestateagents/56c3aceb7e54f701002200af,Ansuya Hesse,"iHouzz Realty, LLC",
https://www.realtor.com/realestateagents/5681479a89a68901006b2253,"Ronald Espinoza, Jr.",Martha Turner Sotheby's International Realty - Central Houston Brokerage,1717 West Loop South Ste 1700| Houston| TX| 77027
https://www.realtor.com/realestateagents/567365a5bb954c0100678b08,The Dawn Fore Team,RE/MAX Universal,16410 CYPRESS ROSEHILL RD| CYPRESS| TX| 77429
https://www.realtor.com/realestateagents/56741908bb954c0100681ce0,David Atkins,Martha Turner Sotheby's International Realty - Central Houston Brokerage,1717 West Loop South Ste 1700| Houston| TX| 77027
https://www.realtor.com/realestateagents/56c92cbe0fa417010076bfe3,Rick Grimes,San Antonio Portfolio Real Estate,23702 Frontage Road IH10 West Suite 105| San Antonio| TX| 78257
https://www.realtor.com/realestateagents/5680ece60fa417010072fb53,Dane Gates,Berkshire Hathaway HomeService,30350 FM 2978 Premier Properties| THE WOODLANDS| TX| 77354
https://www.realtor.com/realestateagents/56813f03bb954c0100695326,Sheri Walton,Red Door Realty & Associates,7810 FM 1960 RD E STE 104| HUMBLE| TX| 77346-2252
https://www.realtor.com/realestateagents/56738d677e54f701001de647,Patricia Savage,Martha Turner Sotheby's International Realty - Houston Bay Area Brokerage,711 W Bay Area Blvd Ste 125| Webster| TX| 77598
https://www.realtor.com/realestateagents/56bd121c89a68901006d9673,Eufracio Molina,RE/MAX RESULTS,2011 Leeland Street| HOUSTON| TX| 77003
