Link,Breadcrumbs,Part Name,Image Link,Assembly Breakdown Link,Drawing Link,table_data 1,table_data 2,table_data 3,table_data 4,table_data 5,table_data 6,table_data 7,table_data 8,table_data 9,table_data 10,table_data 11,table_data 12,table_data 13,table_data 14,table_data 15,table_data 16,table_data 17,table_data 18,table_data 19,table_data 20,table_data 21,table_data 22,table_data 23,table_data 24,table_data 25,table_data 26,table_data 27,table_data 28,table_data 29,table_data 30
https://timken-us.ptplace.com/productDetail/_pn=BN100?reference=PartSearchListLink,Timken Product Catalog| Lubrication| Bearing Lubrication\xa0,Lubrication ,https://s3.amazonaws.com/colinx-ecom-static-assets-timken/CatalogImages/Auto_lubricants.jpg,http://www.timken-us.ptplace.comNone,http://www.timken-us.ptplace.comNone,,,,,,,,,,,,,,,,,,,,,,,,,,,,,,
https://timken-us.ptplace.com/productDetail/_pn=GR117D?reference=PartSearchListLink,Timken Product Catalog| Lubrication| Bearing Lubrication\xa0,Grease,https://s3.amazonaws.com/colinx-ecom-static-assets-timken/CatalogImages/LubricantGreaseorOil(TKR13090383).jpg,http://www.timken-us.ptplace.comNone,http://www.timken-us.ptplace.comNone,,,,,,,,,,,,,,,,,,,,,,,,,,,,,,
https://timken-us.ptplace.com/productDetail/_pn=GR117K?reference=PartSearchListLink,Timken Product Catalog| Lubrication| Bearing Lubrication\xa0,Grease,https://s3.amazonaws.com/colinx-ecom-static-assets-timken/CatalogImages/LubricantGreaseorOil(TKR13090383).jpg,http://www.timken-us.ptplace.comNone,http://www.timken-us.ptplace.comNone,,,,,,,,,,,,,,,,,,,,,,,,,,,,,,
https://timken-us.ptplace.com/productDetail/_pn=GR117P?reference=PartSearchListLink,Timken Product Catalog| Lubrication| Bearing Lubrication\xa0,Lubrication ,https://s3.amazonaws.com/colinx-ecom-static-assets-timken/CatalogImages/LubricantGreaseorOil(TKR13090383).jpg,http://www.timken-us.ptplace.comNone,http://www.timken-us.ptplace.comNone,,,,,,,,,,,,,,,,,,,,,,,,,,,,,,
https://timken-us.ptplace.com/productDetail/_pn=GR180K_sc=2?reference=PartSearchListLink,Timken Product Catalog| Lubrication| Bearing Lubrication\xa0,Timken Mill Grease - NLGI No. 1,https://s3.amazonaws.com/colinx-ecom-static-assets-timken/CatalogImages/Grease_GR182K_TKR13090376.jpg,http://www.timken-us.ptplace.comNone,http://www.timken-us.ptplace.comNone,,,,,,,,,,,,,,,,,,,,,,,,,,,,,,
https://timken-us.ptplace.com/productDetail/_pn=GR180P_sc=2?reference=PartSearchListLink,Timken Product Catalog| Lubrication| Bearing Lubrication\xa0,Timken Mill Grease - NLGI No. 1,https://s3.amazonaws.com/colinx-ecom-static-assets-timken/CatalogImages/Grease_GR182P_TKR13090375.jpg,http://www.timken-us.ptplace.comNone,http://www.timken-us.ptplace.comNone,,,,,,,,,,,,,,,,,,,,,,,,,,,,,,
https://timken-us.ptplace.com/productDetail/_pn=GR181D_sc=2?reference=PartSearchListLink,Timken Product Catalog| Lubrication| Bearing Lubrication\xa0,Timken Mill Grease - NLGI No. 1.5,https://s3.amazonaws.com/colinx-ecom-static-assets-timken/CatalogImages/Grease_GR182D_TKR13090381.jpg,http://www.timken-us.ptplace.comNone,http://www.timken-us.ptplace.comNone,,,,,,,,,,,,,,,,,,,,,,,,,,,,,,
https://timken-us.ptplace.com/productDetail/_pn=GR182B?reference=PartSearchListLink,Timken Product Catalog| Lubrication| Bearing Lubrication\xa0,Grease,https://s3.amazonaws.com/colinx-ecom-static-assets-timken/CatalogImages/LubricantGreaseorOil(TKR13090383).jpg,http://www.timken-us.ptplace.comNone,http://www.timken-us.ptplace.comNone,,,,,,,,,,,,,,,,,,,,,,,,,,,,,,
https://timken-us.ptplace.com/productDetail/_pn=GR182D_sc=2?reference=PartSearchListLink,Timken Product Catalog| Lubrication| Bearing Lubrication\xa0,Timken Mill Grease - NLGI No. 2,https://s3.amazonaws.com/colinx-ecom-static-assets-timken/CatalogImages/Grease_GR182D_TKR13090381.jpg,http://www.timken-us.ptplace.comNone,http://www.timken-us.ptplace.comNone,,,,,,,,,,,,,,,,,,,,,,,,,,,,,,
https://timken-us.ptplace.com/productDetail/_pn=GR182G?reference=PartSearchListLink,Timken Product Catalog| Lubrication| Bearing Lubrication\xa0,Timken Mill Grease - NLGI No. 2,https://s3.amazonaws.com/colinx-ecom-static-assets-timken/CatalogImages/Grease_GR180G_TKR09080026.jpg,http://www.timken-us.ptplace.comNone,http://www.timken-us.ptplace.comNone,,,,,,,,,,,,,,,,,,,,,,,,,,,,,,
https://timken-us.ptplace.com/productDetail/_pn=GR182K_sc=2?reference=PartSearchListLink,Timken Product Catalog| Lubrication| Bearing Lubrication\xa0,Timken Mill Grease - NLGI No. 2,https://s3.amazonaws.com/colinx-ecom-static-assets-timken/CatalogImages/Grease_GR182K_TKR13090376.jpg,http://www.timken-us.ptplace.comNone,http://www.timken-us.ptplace.comNone,,,,,,,,,,,,,,,,,,,,,,,,,,,,,,
https://timken-us.ptplace.com/productDetail/_pn=GR182P_sc=2?reference=PartSearchListLink,Timken Product Catalog| Lubrication| Bearing Lubrication\xa0,Timken Mill Grease - NLGI No. 2,https://s3.amazonaws.com/colinx-ecom-static-assets-timken/CatalogImages/Grease_GR182P_TKR13090375.jpg,http://www.timken-us.ptplace.comNone,http://www.timken-us.ptplace.comNone,,,,,,,,,,,,,,,,,,,,,,,,,,,,,,
https://timken-us.ptplace.com/productDetail/_pn=GR183D?reference=PartSearchListLink,Timken Product Catalog| Lubrication| Bearing Lubrication\xa0,Grease,https://s3.amazonaws.com/colinx-ecom-static-assets-timken/CatalogImages/LubricantGreaseorOil(TKR13090383).jpg,http://www.timken-us.ptplace.comNone,http://www.timken-us.ptplace.comNone,,,,,,,,,,,,,,,,,,,,,,,,,,,,,,
https://timken-us.ptplace.com/productDetail/_pn=GR217C_sc=2?reference=PartSearchListLink,Timken Product Catalog| Lubrication| Bearing Lubrication\xa0,Timken Premium All Purpose Indusctrial LC-2 Grease,https://s3.amazonaws.com/colinx-ecom-static-assets-timken/CatalogImages/Grease_GR217C_TKR14040458.jpg,http://www.timken-us.ptplace.comNone,http://www.timken-us.ptplace.comNone,,,,,,,,,,,,,,,,,,,,,,,,,,,,,,
https://timken-us.ptplace.com/productDetail/_pn=GR217D_sc=2?reference=PartSearchListLink,Timken Product Catalog| Lubrication| Bearing Lubrication\xa0,Timken Premium All Purpose Indusctrial LC-2 Grease,https://s3.amazonaws.com/colinx-ecom-static-assets-timken/CatalogImages/Grease_GR217D_TKR13090359.jpg,http://www.timken-us.ptplace.comNone,http://www.timken-us.ptplace.comNone,,,,,,,,,,,,,,,,,,,,,,,,,,,,,,
https://timken-us.ptplace.com/productDetail/_pn=GR217F?reference=PartSearchListLink,Timken Product Catalog| Lubrication| Bearing Lubrication\xa0,Timken Premium All Purpose Indusctrial LC-2 Grease,https://s3.amazonaws.com/colinx-ecom-static-assets-timken/CatalogImages/Grease_GR217F_TKR09080021.jpg,http://www.timken-us.ptplace.comNone,http://www.timken-us.ptplace.comNone,,,,,,,,,,,,,,,,,,,,,,,,,,,,,,
https://timken-us.ptplace.com/productDetail/_pn=GR217G?reference=PartSearchListLink,Timken Product Catalog| Lubrication| Bearing Lubrication\xa0,Timken Premium All Purpose Indusctrial LC-2 Grease,https://s3.amazonaws.com/colinx-ecom-static-assets-timken/CatalogImages/Grease_GR217G_TKR09080022.jpg,http://www.timken-us.ptplace.comNone,http://www.timken-us.ptplace.comNone,,,,,,,,,,,,,,,,,,,,,,,,,,,,,,
https://timken-us.ptplace.com/productDetail/_pn=GR217K_sc=2?reference=PartSearchListLink,Timken Product Catalog| Lubrication| Bearing Lubrication\xa0,Timken Premium All Purpose Indusctrial LC-2 Grease,https://s3.amazonaws.com/colinx-ecom-static-assets-timken/CatalogImages/Grease_GR217K_TKR13090360.jpg,http://www.timken-us.ptplace.comNone,http://www.timken-us.ptplace.comNone,,,,,,,,,,,,,,,,,,,,,,,,,,,,,,
https://timken-us.ptplace.com/productDetail/_pn=GR217P_sc=2?reference=PartSearchListLink,Timken Product Catalog| Lubrication| Bearing Lubrication\xa0,Timken Premium All Purpose Indusctrial LC-2 Grease,https://s3.amazonaws.com/colinx-ecom-static-assets-timken/CatalogImages/Grease_GR217P_TKR09070349.jpg,http://www.timken-us.ptplace.comNone,http://www.timken-us.ptplace.comNone,,,,,,,,,,,,,,,,,,,,,,,,,,,,,,
https://timken-us.ptplace.com/productDetail/_pn=GR217T_sc=2?reference=PartSearchListLink,Timken Product Catalog| Lubrication| Bearing Lubrication\xa0,Timken Premium All Purpose Indusctrial LC-2 Grease,https://s3.amazonaws.com/colinx-ecom-static-assets-timken/CatalogImages/Grease_GR217T_TKR09070365.jpg,http://www.timken-us.ptplace.comNone,http://www.timken-us.ptplace.comNone,,,,,,,,,,,,,,,,,,,,,,,,,,,,,,
https://timken-us.ptplace.com/productDetail/_pn=GR219C_sc=2?reference=PartSearchListLink,Timken Product Catalog| Lubrication| Bearing Lubrication\xa0,Timken Construction and Off-Highway Grease,https://s3.amazonaws.com/colinx-ecom-static-assets-timken/CatalogImages/Grease_GR219C_TKR13090356.jpg,http://www.timken-us.ptplace.comNone,http://www.timken-us.ptplace.comNone,,,,,,,,,,,,,,,,,,,,,,,,,,,,,,
https://timken-us.ptplace.com/productDetail/_pn=GR219D_sc=2?reference=PartSearchListLink,Timken Product Catalog| Lubrication| Bearing Lubrication\xa0,Timken Construction and Off-Highway Grease,https://s3.amazonaws.com/colinx-ecom-static-assets-timken/CatalogImages/Grease_Black_drum.jpg,http://www.timken-us.ptplace.comNone,http://www.timken-us.ptplace.comNone,,,,,,,,,,,,,,,,,,,,,,,,,,,,,,
https://timken-us.ptplace.com/productDetail/_pn=GR219F?reference=PartSearchListLink,Timken Product Catalog| Lubrication| Bearing Lubrication\xa0,Timken Construction and Off-Highway Grease,https://s3.amazonaws.com/colinx-ecom-static-assets-timken/CatalogImages/Grease_GR219F_TKR15090096.jpg,http://www.timken-us.ptplace.comNone,http://www.timken-us.ptplace.comNone,,,,,,,,,,,,,,,,,,,,,,,,,,,,,,
https://timken-us.ptplace.com/productDetail/_pn=GR219K_sc=2?reference=PartSearchListLink,Timken Product Catalog| Lubrication| Bearing Lubrication\xa0,Timken Construction and Off-Highway Grease,https://s3.amazonaws.com/colinx-ecom-static-assets-timken/CatalogImages/Grease_Black_keg.jpg,http://www.timken-us.ptplace.comNone,http://www.timken-us.ptplace.comNone,,,,,,,,,,,,,,,,,,,,,,,,,,,,,,
https://timken-us.ptplace.com/productDetail/_pn=GR219P_sc=2?reference=PartSearchListLink,Timken Product Catalog| Lubrication| Bearing Lubrication\xa0,Timken Construction and Off-Highway Grease,https://s3.amazonaws.com/colinx-ecom-static-assets-timken/CatalogImages/Grease_Black_pail.jpg,http://www.timken-us.ptplace.comNone,http://www.timken-us.ptplace.comNone,,,,,,,,,,,,,,,,,,,,,,,,,,,,,,
https://timken-us.ptplace.com/productDetail/_pn=GR220C_sc=2?reference=PartSearchListLink,Timken Product Catalog| Lubrication| Bearing Lubrication\xa0,Timken Ball Bearing Pillow Block Grease,https://s3.amazonaws.com/colinx-ecom-static-assets-timken/CatalogImages/Grease_GR220C_TKR12100149.jpg,http://www.timken-us.ptplace.comNone,http://www.timken-us.ptplace.comNone,,,,,,,,,,,,,,,,,,,,,,,,,,,,,,
https://timken-us.ptplace.com/productDetail/_pn=GR220D_sc=2?reference=PartSearchListLink,Timken Product Catalog| Lubrication| Bearing Lubrication\xa0,Timken Ball Bearing Pillow Block Grease,https://s3.amazonaws.com/colinx-ecom-static-assets-timken/CatalogImages/Grease_GR220D_TKR09080009.jpg,http://www.timken-us.ptplace.comNone,http://www.timken-us.ptplace.comNone,,,,,,,,,,,,,,,,,,,,,,,,,,,,,,
https://timken-us.ptplace.com/productDetail/_pn=GR220F?reference=PartSearchListLink,Timken Product Catalog| Lubrication| Bearing Lubrication\xa0,Timken Ball Bearing Pillow Block Grease,https://s3.amazonaws.com/colinx-ecom-static-assets-timken/CatalogImages/Grease_GR220F_TKR09080023.jpg,http://www.timken-us.ptplace.comNone,http://www.timken-us.ptplace.comNone,,,,,,,,,,,,,,,,,,,,,,,,,,,,,,
https://timken-us.ptplace.com/productDetail/_pn=GR220G?reference=PartSearchListLink,Timken Product Catalog| Lubrication| Bearing Lubrication\xa0,Timken Ball Bearing Pillow Block Grease,https://s3.amazonaws.com/colinx-ecom-static-assets-timken/CatalogImages/Grease_GR220G_TKR09080024.jpg,http://www.timken-us.ptplace.comNone,http://www.timken-us.ptplace.comNone,,,,,,,,,,,,,,,,,,,,,,,,,,,,,,
https://timken-us.ptplace.com/productDetail/_pn=GR220K_sc=2?reference=PartSearchListLink,Timken Product Catalog| Lubrication| Bearing Lubrication\xa0,Timken Ball Bearing Pillow Block Grease,https://s3.amazonaws.com/colinx-ecom-static-assets-timken/CatalogImages/Grease_GR220K_TKR09060288.jpg,http://www.timken-us.ptplace.comNone,http://www.timken-us.ptplace.comNone,,,,,,,,,,,,,,,,,,,,,,,,,,,,,,
https://timken-us.ptplace.com/productDetail/_pn=GR220P_sc=2?reference=PartSearchListLink,Timken Product Catalog| Lubrication| Bearing Lubrication\xa0,Timken Ball Bearing Pillow Block Grease,https://s3.amazonaws.com/colinx-ecom-static-assets-timken/CatalogImages/Grease_GR220P_TKR09070157.jpg,http://www.timken-us.ptplace.comNone,http://www.timken-us.ptplace.comNone,,,,,,,,,,,,,,,,,,,,,,,,,,,,,,
https://timken-us.ptplace.com/productDetail/_pn=GR224C?reference=PartSearchListLink,Timken Product Catalog| Lubrication| Bearing Lubrication\xa0,Grease,https://s3.amazonaws.com/colinx-ecom-static-assets-timken/CatalogImages/Auto_lubricants.jpg,http://www.timken-us.ptplace.comNone,http://www.timken-us.ptplace.comNone,,,,,,,,,,,,,,,,,,,,,,,,,,,,,,
https://timken-us.ptplace.com/productDetail/_pn=GR224TUB?reference=PartSearchListLink,Timken Product Catalog| Lubrication| Bearing Lubrication\xa0,Grease,https://s3.amazonaws.com/colinx-ecom-static-assets-timken/CatalogImages/Auto_lubricants.jpg,http://www.timken-us.ptplace.comNone,http://www.timken-us.ptplace.comNone,,,,,,,,,,,,,,,,,,,,,,,,,,,,,,
https://timken-us.ptplace.com/productDetail/_pn=GR231C_sc=2?reference=PartSearchListLink,Timken Product Catalog| Lubrication| Bearing Lubrication\xa0,Timken Food Safe Grease,https://s3.amazonaws.com/colinx-ecom-static-assets-timken/CatalogImages/Grease_GR231C_TKR14040435.jpg,http://www.timken-us.ptplace.comNone,http://www.timken-us.ptplace.comNone,,,,,,,,,,,,,,,,,,,,,,,,,,,,,,
https://timken-us.ptplace.com/productDetail/_pn=GR231D_sc=2?reference=PartSearchListLink,Timken Product Catalog| Lubrication| Bearing Lubrication\xa0,Timken Food Safe Grease,https://s3.amazonaws.com/colinx-ecom-static-assets-timken/CatalogImages/Grease_GR231D_TKR13090372.jpg,http://www.timken-us.ptplace.comNone,http://www.timken-us.ptplace.comNone,,,,,,,,,,,,,,,,,,,,,,,,,,,,,,
https://timken-us.ptplace.com/productDetail/_pn=GR231F?reference=PartSearchListLink,Timken Product Catalog| Lubrication| Bearing Lubrication\xa0,Timken Food Safe Grease,https://s3.amazonaws.com/colinx-ecom-static-assets-timken/CatalogImages/Grease_GR231F_TKR09080025.jpg,http://www.timken-us.ptplace.comNone,http://www.timken-us.ptplace.comNone,,,,,,,,,,,,,,,,,,,,,,,,,,,,,,
https://timken-us.ptplace.com/productDetail/_pn=GR231K_sc=2?reference=PartSearchListLink,Timken Product Catalog| Lubrication| Bearing Lubrication\xa0,Timken Food Safe Grease,https://s3.amazonaws.com/colinx-ecom-static-assets-timken/CatalogImages/Grease_White_keg.jpg,http://www.timken-us.ptplace.comNone,http://www.timken-us.ptplace.comNone,,,,,,,,,,,,,,,,,,,,,,,,,,,,,,
https://timken-us.ptplace.com/productDetail/_pn=GR231P_sc=2?reference=PartSearchListLink,Timken Product Catalog| Lubrication| Bearing Lubrication\xa0,Timken Food Safe Grease,https://s3.amazonaws.com/colinx-ecom-static-assets-timken/CatalogImages/Grease_GR231P_TKR09080012.jpg,http://www.timken-us.ptplace.comNone,http://www.timken-us.ptplace.comNone,,,,,,,,,,,,,,,,,,,,,,,,,,,,,,
https://timken-us.ptplace.com/productDetail/_pn=GR232C_sc=2?reference=PartSearchListLink,Timken Product Catalog| Lubrication| Bearing Lubrication\xa0,Timken Synthetic Industrial LC-1.5 Grease,https://s3.amazonaws.com/colinx-ecom-static-assets-timken/CatalogImages/Grease_GR232C_TKR13090365.jpg,http://www.timken-us.ptplace.comNone,http://www.timken-us.ptplace.comNone,,,,,,,,,,,,,,,,,,,,,,,,,,,,,,
https://timken-us.ptplace.com/productDetail/_pn=GR232D_sc=2?reference=PartSearchListLink,Timken Product Catalog| Lubrication| Bearing Lubrication\xa0,Timken Synthetic Industrial LC-1.5 Grease,https://s3.amazonaws.com/colinx-ecom-static-assets-timken/CatalogImages/Grease_GR232D_TKR13090363.jpg,http://www.timken-us.ptplace.comNone,http://www.timken-us.ptplace.comNone,,,,,,,,,,,,,,,,,,,,,,,,,,,,,,
https://timken-us.ptplace.com/productDetail/_pn=GR236C_sc=2?reference=PartSearchListLink,Timken Product Catalog| Lubrication| Bearing Lubrication\xa0,Timken Multi-Use Lithium EP1 Grease,https://s3.amazonaws.com/colinx-ecom-static-assets-timken/CatalogImages/Grease_GR236C_TKR13090369.jpg,http://www.timken-us.ptplace.comNone,http://www.timken-us.ptplace.comNone,,,,,,,,,,,,,,,,,,,,,,,,,,,,,,
https://timken-us.ptplace.com/productDetail/_pn=GR236F?reference=PartSearchListLink,Timken Product Catalog| Lubrication| Bearing Lubrication\xa0,Timken Multi-Use Lithium EP1 Grease,https://s3.amazonaws.com/colinx-ecom-static-assets-timken/CatalogImages/Grease_GR236F_TKR09080027.jpg,http://www.timken-us.ptplace.comNone,http://www.timken-us.ptplace.comNone,,,,,,,,,,,,,,,,,,,,,,,,,,,,,,
https://timken-us.ptplace.com/productDetail/_pn=GR236G?reference=PartSearchListLink,Timken Product Catalog| Lubrication| Bearing Lubrication\xa0,Timken Multi-Use Lithium EP1 Grease,https://s3.amazonaws.com/colinx-ecom-static-assets-timken/CatalogImages/Grease_GR236G_TKR09080028.jpg,http://www.timken-us.ptplace.comNone,http://www.timken-us.ptplace.comNone,,,,,,,,,,,,,,,,,,,,,,,,,,,,,,
https://timken-us.ptplace.com/productDetail/_pn=GR236K_sc=2?reference=PartSearchListLink,Timken Product Catalog| Lubrication| Bearing Lubrication\xa0,Timken Multi-Use Lithium EP1 Grease,https://s3.amazonaws.com/colinx-ecom-static-assets-timken/CatalogImages/Grease_GR236K_TKR13090368.jpg,http://www.timken-us.ptplace.comNone,http://www.timken-us.ptplace.comNone,,,,,,,,,,,,,,,,,,,,,,,,,,,,,,
https://timken-us.ptplace.com/productDetail/_pn=GR236T_sc=2?reference=PartSearchListLink,Timken Product Catalog| Lubrication| Bearing Lubrication\xa0,Timken Multi-Use Lithium EP1 Grease,https://s3.amazonaws.com/colinx-ecom-static-assets-timken/CatalogImages/Grease_Blue_Tub(TKR09080023).jpg,http://www.timken-us.ptplace.comNone,http://www.timken-us.ptplace.comNone,,,,,,,,,,,,,,,,,,,,,,,,,,,,,,
https://timken-us.ptplace.com/productDetail/_pn=GR237G?reference=PartSearchListLink,Timken Product Catalog| Lubrication| Bearing Lubrication\xa0,Timken Multi-Use Lithium EP2 Grease,https://s3.amazonaws.com/colinx-ecom-static-assets-timken/CatalogImages/Grease_GR236G_TKR09080028.jpg,http://www.timken-us.ptplace.comNone,http://www.timken-us.ptplace.comNone,,,,,,,,,,,,,,,,,,,,,,,,,,,,,,
https://timken-us.ptplace.com/productDetail/_pn=GR237P_sc=2?reference=PartSearchListLink,Timken Product Catalog| Lubrication| Bearing Lubrication\xa0,Timken Multi-Use Lithium EP2 Grease,https://s3.amazonaws.com/colinx-ecom-static-assets-timken/CatalogImages/Grease_GR236P_TKR13090366.jpg,http://www.timken-us.ptplace.comNone,http://www.timken-us.ptplace.comNone,,,,,,,,,,,,,,,,,,,,,,,,,,,,,,
https://timken-us.ptplace.com/productDetail/_pn=GR237T_sc=2?reference=PartSearchListLink,Timken Product Catalog| Lubrication| Bearing Lubrication\xa0,Timken Multi-Use Lithium EP2 Grease,https://s3.amazonaws.com/colinx-ecom-static-assets-timken/CatalogImages/Grease_Blue_Tub(TKR09080023).jpg,http://www.timken-us.ptplace.comNone,http://www.timken-us.ptplace.comNone,,,,,,,,,,,,,,,,,,,,,,,,,,,,,,
https://timken-us.ptplace.com/productDetail/_pn=GR246C?reference=PartSearchListLink,Timken Product Catalog| Lubrication| Bearing Lubrication\xa0,Grease,https://s3.amazonaws.com/colinx-ecom-static-assets-timken/CatalogImages/Auto_lubricants.jpg,http://www.timken-us.ptplace.comNone,http://www.timken-us.ptplace.comNone,,,,,,,,,,,,,,,,,,,,,,,,,,,,,,
https://timken-us.ptplace.com/productDetail/_pn=GR246T?reference=PartSearchListLink,Timken Product Catalog| Lubrication| Bearing Lubrication\xa0,Grease,https://s3.amazonaws.com/colinx-ecom-static-assets-timken/CatalogImages/Auto_lubricants.jpg,http://www.timken-us.ptplace.comNone,http://www.timken-us.ptplace.comNone,,,,,,,,,,,,,,,,,,,,,,,,,,,,,,
https://timken-us.ptplace.com/productDetail/_pn=GR255C?reference=PartSearchListLink,Timken Product Catalog| Lubrication| Bearing Lubrication\xa0,Grease,https://s3.amazonaws.com/colinx-ecom-static-assets-timken/CatalogImages/LubricantGreaseorOil(TKR13090383).jpg,http://www.timken-us.ptplace.comNone,http://www.timken-us.ptplace.comNone,,,,,,,,,,,,,,,,,,,,,,,,,,,,,,
https://timken-us.ptplace.com/productDetail/_pn=GR255D?reference=PartSearchListLink,Timken Product Catalog| Lubrication| Bearing Lubrication\xa0,Grease,https://s3.amazonaws.com/colinx-ecom-static-assets-timken/CatalogImages/LubricantGreaseorOil(TKR13090383).jpg,http://www.timken-us.ptplace.comNone,http://www.timken-us.ptplace.comNone,,,,,,,,,,,,,,,,,,,,,,,,,,,,,,
https://timken-us.ptplace.com/productDetail/_pn=GR255F?reference=PartSearchListLink,Timken Product Catalog| Lubrication| Bearing Lubrication\xa0,Grease,https://s3.amazonaws.com/colinx-ecom-static-assets-timken/CatalogImages/LubricantGreaseorOil(TKR13090383).jpg,http://www.timken-us.ptplace.comNone,http://www.timken-us.ptplace.comNone,,,,,,,,,,,,,,,,,,,,,,,,,,,,,,
https://timken-us.ptplace.com/productDetail/_pn=GR255G?reference=PartSearchListLink,Timken Product Catalog| Lubrication| Bearing Lubrication\xa0,Grease,https://s3.amazonaws.com/colinx-ecom-static-assets-timken/CatalogImages/LubricantGreaseorOil(TKR13090383).jpg,http://www.timken-us.ptplace.comNone,http://www.timken-us.ptplace.comNone,,,,,,,,,,,,,,,,,,,,,,,,,,,,,,
https://timken-us.ptplace.com/productDetail/_pn=GR255P?reference=PartSearchListLink,Timken Product Catalog| Lubrication| Bearing Lubrication\xa0,Grease,https://s3.amazonaws.com/colinx-ecom-static-assets-timken/CatalogImages/Grease_GR255P_TKR15090071.jpg,http://www.timken-us.ptplace.comNone,http://www.timken-us.ptplace.comNone,,,,,,,,,,,,,,,,,,,,,,,,,,,,,,
https://timken-us.ptplace.com/productDetail/_pn=GR255T?reference=PartSearchListLink,Timken Product Catalog| Lubrication| Bearing Lubrication\xa0,Grease,https://s3.amazonaws.com/colinx-ecom-static-assets-timken/CatalogImages/LubricantGreaseorOil(TKR13090383).jpg,http://www.timken-us.ptplace.comNone,http://www.timken-us.ptplace.comNone,,,,,,,,,,,,,,,,,,,,,,,,,,,,,,
https://timken-us.ptplace.com/productDetail/_pn=GRG1205?reference=PartSearchListLink,Timken Product Catalog| Lubrication| Bearing Lubrication\xa0,Grease Tool,https://s3.amazonaws.com/colinx-ecom-static-assets-timken/CatalogImages/LubricantGreaseorOil(TKR13090383).jpg,http://www.timken-us.ptplace.comNone,http://www.timken-us.ptplace.comNone,,,,,,,,,,,,,,,,,,,,,,,,,,,,,,
https://timken-us.ptplace.com/productDetail/_pn=GRG1205KIT?reference=PartSearchListLink,Timken Product Catalog| Lubrication| Bearing Lubrication\xa0,Grease Tool,https://s3.amazonaws.com/colinx-ecom-static-assets-timken/CatalogImages/LubricantGreaseorOil(TKR13090383).jpg,http://www.timken-us.ptplace.comNone,http://www.timken-us.ptplace.comNone,,,,,,,,,,,,,,,,,,,,,,,,,,,,,,
https://timken-us.ptplace.com/productDetail/_pn=GRP308?reference=PartSearchListLink,Timken Product Catalog| Lubrication| Bearing Lubrication\xa0,Grease Tool,https://s3.amazonaws.com/colinx-ecom-static-assets-timken/CatalogImages/PumpKit.jpg,http://www.timken-us.ptplace.comNone,http://www.timken-us.ptplace.comNone,,,,,,,,,,,,,,,,,,,,,,,,,,,,,,
https://timken-us.ptplace.com/productDetail/_pn=GRT2AA?reference=PartSearchListLink,Timken Product Catalog| Lubrication| Bearing Lubrication\xa0,Grease,https://s3.amazonaws.com/colinx-ecom-static-assets-timken/CatalogImages/LubricantGreaseorOil(TKR13090383).jpg,http://www.timken-us.ptplace.comNone,http://www.timken-us.ptplace.comNone,,,,,,,,,,,,,,,,,,,,,,,,,,,,,,
https://timken-us.ptplace.com/productDetail/_pn=GRT2BB?reference=PartSearchListLink,Timken Product Catalog| Lubrication| Bearing Lubrication\xa0,Grease,https://s3.amazonaws.com/colinx-ecom-static-assets-timken/CatalogImages/LubricantGreaseorOil(TKR13090383).jpg,http://www.timken-us.ptplace.comNone,http://www.timken-us.ptplace.comNone,,,,,,,,,,,,,,,,,,,,,,,,,,,,,,
https://timken-us.ptplace.com/productDetail/_pn=GRT2D?reference=PartSearchListLink,Timken Product Catalog| Lubrication| Bearing Lubrication\xa0,Grease,https://s3.amazonaws.com/colinx-ecom-static-assets-timken/CatalogImages/LubricantGreaseorOil(TKR13090383).jpg,http://www.timken-us.ptplace.comNone,http://www.timken-us.ptplace.comNone,,,,,,,,,,,,,,,,,,,,,,,,,,,,,,
https://timken-us.ptplace.com/productDetail/_pn=GRT2E?reference=PartSearchListLink,Timken Product Catalog| Lubrication| Bearing Lubrication\xa0,Grease,https://s3.amazonaws.com/colinx-ecom-static-assets-timken/CatalogImages/LubricantGreaseorOil(TKR13090383).jpg,http://www.timken-us.ptplace.comNone,http://www.timken-us.ptplace.comNone,,,,,,,,,,,,,,,,,,,,,,,,,,,,,,
https://timken-us.ptplace.com/productDetail/_pn=GRT3BB?reference=PartSearchListLink,Timken Product Catalog| Lubrication| Bearing Lubrication\xa0,Grease,https://s3.amazonaws.com/colinx-ecom-static-assets-timken/CatalogImages/LubricantGreaseorOil(TKR13090383).jpg,http://www.timken-us.ptplace.comNone,http://www.timken-us.ptplace.comNone,,,,,,,,,,,,,,,,,,,,,,,,,,,,,,
https://timken-us.ptplace.com/productDetail/_pn=GRT3CC?reference=PartSearchListLink,Timken Product Catalog| Lubrication| Bearing Lubrication\xa0,Grease,https://s3.amazonaws.com/colinx-ecom-static-assets-timken/CatalogImages/LubricantGreaseorOil(TKR13090383).jpg,http://www.timken-us.ptplace.comNone,http://www.timken-us.ptplace.comNone,,,,,,,,,,,,,,,,,,,,,,,,,,,,,,
https://timken-us.ptplace.com/productDetail/_pn=PA800233?reference=PartSearchListLink,Timken Product Catalog| Lubrication| Lubrication Delivery Systems,Power Lubricator or Accessory,https://s3.amazonaws.com/colinx-ecom-static-assets-timken/CatalogImages/PA800233(TKR09060389).jpg,http://www.timken-us.ptplace.comNone,http://www.timken-us.ptplace.comNone,,,,,,,,,,,,,,,,,,,,,,,,,,,,,,
https://timken-us.ptplace.com/productDetail/_pn=PC321997_sc=2?reference=PartSearchListLink,Timken Product Catalog| Lubrication| Lubrication Delivery Systems,C-POWER Cartridge and Battery with GR997 Category A Grease grease 250cc,https://s3.amazonaws.com/colinx-ecom-static-assets-timken/CatalogImages/C-Power.jpg,http://www.timken-us.ptplace.comNone,http://www.timken-us.ptplace.comNone,,,,,,,,,,,,,,,,,,,,,,,,,,,,,,
https://timken-us.ptplace.com/productDetail/_pn=PC321998_sc=2?reference=PartSearchListLink,Timken Product Catalog| Lubrication| Lubrication Delivery Systems,C-POWER Cartridge and Battery with GR998 Category B Grease grease 250cc,https://s3.amazonaws.com/colinx-ecom-static-assets-timken/CatalogImages/C-Power.jpg,http://www.timken-us.ptplace.comNone,http://www.timken-us.ptplace.comNone,,,,,,,,,,,,,,,,,,,,,,,,,,,,,,
https://timken-us.ptplace.com/productDetail/_pn=PC321999_sc=2?reference=PartSearchListLink,Timken Product Catalog| Lubrication| Lubrication Delivery Systems,C-POWER Cartridge and Battery with GR999 Category C Grease grease 250cc,https://s3.amazonaws.com/colinx-ecom-static-assets-timken/CatalogImages/C-Power.jpg,http://www.timken-us.ptplace.comNone,http://www.timken-us.ptplace.comNone,,,,,,,,,,,,,,,,,,,,,,,,,,,,,,
https://timken-us.ptplace.com/productDetail/_pn=PC322997_sc=2?reference=PartSearchListLink,Timken Product Catalog| Lubrication| Lubrication Delivery Systems,C-POWER Complete Unit with GR997 Category A Grease grease 250cc,https://s3.amazonaws.com/colinx-ecom-static-assets-timken/CatalogImages/C-Power.jpg,http://www.timken-us.ptplace.comNone,http://www.timken-us.ptplace.comNone,,,,,,,,,,,,,,,,,,,,,,,,,,,,,,
https://timken-us.ptplace.com/productDetail/_pn=PC322998_sc=2?reference=PartSearchListLink,Timken Product Catalog| Lubrication| Lubrication Delivery Systems,C-POWER Complete Unit with GR998 Category B Grease grease 250cc,https://s3.amazonaws.com/colinx-ecom-static-assets-timken/CatalogImages/C-Power.jpg,http://www.timken-us.ptplace.comNone,http://www.timken-us.ptplace.comNone,,,,,,,,,,,,,,,,,,,,,,,,,,,,,,
https://timken-us.ptplace.com/productDetail/_pn=PC322999_sc=2?reference=PartSearchListLink,Timken Product Catalog| Lubrication| Lubrication Delivery Systems,C-POWER Complete Unit with GR999 Category C Grease grease 250cc,https://s3.amazonaws.com/colinx-ecom-static-assets-timken/CatalogImages/C-Power.jpg,http://www.timken-us.ptplace.comNone,http://www.timken-us.ptplace.comNone,,,,,,,,,,,,,,,,,,,,,,,,,,,,,,
https://timken-us.ptplace.com/productDetail/_pn=PC351232_sc=2?reference=PartSearchListLink,Timken Product Catalog| Lubrication| Lubrication Delivery Systems,C-POWER Cartridge and Battery with GR232 Synthetic Industrial LC 1.5 GREASE grease 500cc,https://s3.amazonaws.com/colinx-ecom-static-assets-timken/CatalogImages/InterLube_AC3_rtchd(TKR16090148).jpg,http://www.timken-us.ptplace.comNone,http://www.timken-us.ptplace.comNone,,,,,,,,,,,,,,,,,,,,,,,,,,,,,,
https://timken-us.ptplace.com/productDetail/_pn=PC351997_sc=2?reference=PartSearchListLink,Timken Product Catalog| Lubrication| Lubrication Delivery Systems,C-POWER Cartridge and Battery with GR997 Category A Grease grease 500cc,https://s3.amazonaws.com/colinx-ecom-static-assets-timken/CatalogImages/C-Power.jpg,http://www.timken-us.ptplace.comNone,http://www.timken-us.ptplace.comNone,,,,,,,,,,,,,,,,,,,,,,,,,,,,,,
https://timken-us.ptplace.com/productDetail/_pn=PC351998_sc=2?reference=PartSearchListLink,Timken Product Catalog| Lubrication| Lubrication Delivery Systems,C-POWER Cartridge and Battery with GR998 Category B Grease grease 500cc,https://s3.amazonaws.com/colinx-ecom-static-assets-timken/CatalogImages/C-Power.jpg,http://www.timken-us.ptplace.comNone,http://www.timken-us.ptplace.comNone,,,,,,,,,,,,,,,,,,,,,,,,,,,,,,
https://timken-us.ptplace.com/productDetail/_pn=PC351999_sc=2?reference=PartSearchListLink,Timken Product Catalog| Lubrication| Lubrication Delivery Systems,C-POWER Cartridge and Battery with GR999 Category C Grease grease 500cc,https://s3.amazonaws.com/colinx-ecom-static-assets-timken/CatalogImages/C-Power.jpg,http://www.timken-us.ptplace.comNone,http://www.timken-us.ptplace.comNone,,,,,,,,,,,,,,,,,,,,,,,,,,,,,,
https://timken-us.ptplace.com/productDetail/_pn=PC352997_sc=2?reference=PartSearchListLink,Timken Product Catalog| Lubrication| Lubrication Delivery Systems,C-POWER Complete Unit with GR997 Category A Grease grease 500cc,https://s3.amazonaws.com/colinx-ecom-static-assets-timken/CatalogImages/C-Power.jpg,http://www.timken-us.ptplace.comNone,http://www.timken-us.ptplace.comNone,,,,,,,,,,,,,,,,,,,,,,,,,,,,,,
https://timken-us.ptplace.com/productDetail/_pn=PC352998_sc=2?reference=PartSearchListLink,Timken Product Catalog| Lubrication| Lubrication Delivery Systems,C-POWER Complete Unit with GR998 Category B Grease grease 500cc,https://s3.amazonaws.com/colinx-ecom-static-assets-timken/CatalogImages/C-Power.jpg,http://www.timken-us.ptplace.comNone,http://www.timken-us.ptplace.comNone,,,,,,,,,,,,,,,,,,,,,,,,,,,,,,
https://timken-us.ptplace.com/productDetail/_pn=PC352999_sc=2?reference=PartSearchListLink,Timken Product Catalog| Lubrication| Lubrication Delivery Systems,C-POWER Complete Unit with GR999 Category C Grease grease 500cc,https://s3.amazonaws.com/colinx-ecom-static-assets-timken/CatalogImages/C-Power.jpg,http://www.timken-us.ptplace.comNone,http://www.timken-us.ptplace.comNone,,,,,,,,,,,,,,,,,,,,,,,,,,,,,,
https://timken-us.ptplace.com/productDetail/_pn=PD422182?reference=PartSearchListLink,Timken Product Catalog| Lubrication| Lubrication Delivery Systems,D-POWER Complete Unit with GR182 Premium Mill NLGI NO 2.0 grease 60cc,https://s3.amazonaws.com/colinx-ecom-static-assets-timken/CatalogImages/D-Power_PD422(TKR17010004).jpg,http://www.timken-us.ptplace.comNone,http://www.timken-us.ptplace.comNone,,,,,,,,,,,,,,,,,,,,,,,,,,,,,,
https://timken-us.ptplace.com/productDetail/_pn=PD422217?reference=PartSearchListLink,Timken Product Catalog| Lubrication| Lubrication Delivery Systems,D-POWER Complete Unit with GR217 All Purpose Industrial LC-2 GREASE grease 60cc,https://s3.amazonaws.com/colinx-ecom-static-assets-timken/CatalogImages/D-Power_PD422(TKR17010004).jpg,http://www.timken-us.ptplace.comNone,http://www.timken-us.ptplace.comNone,,,,,,,,,,,,,,,,,,,,,,,,,,,,,,
https://timken-us.ptplace.com/productDetail/_pn=PD422219?reference=PartSearchListLink,Timken Product Catalog| Lubrication| Lubrication Delivery Systems,D-POWER Complete Unit with GR219 CONSTRUCTION and OFF-HWY GREASEgrease 60cc,https://s3.amazonaws.com/colinx-ecom-static-assets-timken/CatalogImages/D-Power_PD422(TKR17010004).jpg,http://www.timken-us.ptplace.comNone,http://www.timken-us.ptplace.comNone,,,,,,,,,,,,,,,,,,,,,,,,,,,,,,
https://timken-us.ptplace.com/productDetail/_pn=PD422220?reference=PartSearchListLink,Timken Product Catalog| Lubrication| Lubrication Delivery Systems,D-POWER Complete Unit with GR220 BALL BEARING PILLOW BLOCK GREASE grease 60cc,https://s3.amazonaws.com/colinx-ecom-static-assets-timken/CatalogImages/D-Power_PD422(TKR17010004).jpg,http://www.timken-us.ptplace.comNone,http://www.timken-us.ptplace.comNone,,,,,,,,,,,,,,,,,,,,,,,,,,,,,,
https://timken-us.ptplace.com/productDetail/_pn=PD422231?reference=PartSearchListLink,Timken Product Catalog| Lubrication| Lubrication Delivery Systems,D-POWER Complete Unit with GR231 Food Safe GREASE grease 60cc,https://s3.amazonaws.com/colinx-ecom-static-assets-timken/CatalogImages/D-Power_PD422(TKR17010004).jpg,http://www.timken-us.ptplace.comNone,http://www.timken-us.ptplace.comNone,,,,,,,,,,,,,,,,,,,,,,,,,,,,,,
https://timken-us.ptplace.com/productDetail/_pn=PD442182?reference=PartSearchListLink,Timken Product Catalog| Lubrication| Lubrication Delivery Systems,D-POWER Complete Unit with GR182 Premium Mill NLGI NO 2.0 grease 125cc,https://s3.amazonaws.com/colinx-ecom-static-assets-timken/CatalogImages/D-Power_PD442(TKR17010005).jpg,http://www.timken-us.ptplace.comNone,http://www.timken-us.ptplace.comNone,,,,,,,,,,,,,,,,,,,,,,,,,,,,,,
https://timken-us.ptplace.com/productDetail/_pn=PD442217?reference=PartSearchListLink,Timken Product Catalog| Lubrication| Lubrication Delivery Systems,D-POWER Complete Unit with GR217 All Purpose Industrial LC-2 GREASE grease 125cc,https://s3.amazonaws.com/colinx-ecom-static-assets-timken/CatalogImages/D-Power_PD442(TKR17010005).jpg,http://www.timken-us.ptplace.comNone,http://www.timken-us.ptplace.comNone,,,,,,,,,,,,,,,,,,,,,,,,,,,,,,
https://timken-us.ptplace.com/productDetail/_pn=PD442219?reference=PartSearchListLink,Timken Product Catalog| Lubrication| Lubrication Delivery Systems,D-POWER Complete Unit with GR219 CONSTRUCTION and OFF-HWY GREASEgrease 125cc,https://s3.amazonaws.com/colinx-ecom-static-assets-timken/CatalogImages/D-Power_PD442(TKR17010005).jpg,http://www.timken-us.ptplace.comNone,http://www.timken-us.ptplace.comNone,,,,,,,,,,,,,,,,,,,,,,,,,,,,,,
https://timken-us.ptplace.com/productDetail/_pn=PD442220?reference=PartSearchListLink,Timken Product Catalog| Lubrication| Lubrication Delivery Systems,D-POWER Complete Unit with GR220 BALL BEARING PILLOW BLOCK GREASE grease 125cc,https://s3.amazonaws.com/colinx-ecom-static-assets-timken/CatalogImages/D-Power_PD442(TKR17010005).jpg,http://www.timken-us.ptplace.comNone,http://www.timken-us.ptplace.comNone,,,,,,,,,,,,,,,,,,,,,,,,,,,,,,
https://timken-us.ptplace.com/productDetail/_pn=PD442231?reference=PartSearchListLink,Timken Product Catalog| Lubrication| Lubrication Delivery Systems,D-POWER Complete Unit with GR231 Food Safe GREASE grease 125cc,https://s3.amazonaws.com/colinx-ecom-static-assets-timken/CatalogImages/D-Power_PD442(TKR17010005).jpg,http://www.timken-us.ptplace.comNone,http://www.timken-us.ptplace.comNone,,,,,,,,,,,,,,,,,,,,,,,,,,,,,,
https://timken-us.ptplace.com/productDetail/_pn=PD442232?reference=PartSearchListLink,Timken Product Catalog| Lubrication| Lubrication Delivery Systems,Power Lubricator or Accessory,https://s3.amazonaws.com/colinx-ecom-static-assets-timken/CatalogImages/D-Power_PD442(TKR17010005).jpg,http://www.timken-us.ptplace.comNone,http://www.timken-us.ptplace.comNone,,,,,,,,,,,,,,,,,,,,,,,,,,,,,,
https://timken-us.ptplace.com/productDetail/_pn=PD442508?reference=PartSearchListLink,Timken Product Catalog| Lubrication| Lubrication Delivery Systems,Power Lubricator or Accessory,https://s3.amazonaws.com/colinx-ecom-static-assets-timken/CatalogImages/D-Power_PD442(TKR17010005).jpg,http://www.timken-us.ptplace.comNone,http://www.timken-us.ptplace.comNone,,,,,,,,,,,,,,,,,,,,,,,,,,,,,,
https://timken-us.ptplace.com/productDetail/_pn=PG101312_sc=2?reference=PartSearchListLink,Timken Product Catalog| Lubrication| Lubrication Delivery Systems,G-POWER Complete Unit with GR312 Multi-Use-1 grease 120cc,https://s3.amazonaws.com/colinx-ecom-static-assets-timken/CatalogImages/G-Power_PG101(TKR17010006).jpg,http://www.timken-us.ptplace.comhttp://www.timken.com/en-US/products/lubrication/Pages/default.aspx,http://www.timken-us.ptplace.comNone,,,,,,,,,,,,,,,,,,,,,,,,,,,,,,
https://timken-us.ptplace.com/productDetail/_pn=PG101459?reference=PartSearchListLink,Timken Product Catalog| Lubrication| Lubrication Delivery Systems,G-POWER Complete Unit with GR459 Exxon Unirex EP 2 grease 120cc,https://s3.amazonaws.com/colinx-ecom-static-assets-timken/CatalogImages/G-Power_PG101(TKR17010006).jpg,http://www.timken-us.ptplace.comNone,http://www.timken-us.ptplace.comNone,,,,,,,,,,,,,,,,,,,,,,,,,,,,,,
https://timken-us.ptplace.com/productDetail/_pn=PG101552?reference=PartSearchListLink,Timken Product Catalog| Lubrication| Lubrication Delivery Systems,G-POWER Complete Unit with GR552 Shell Albida EP2 grease 120cc,https://s3.amazonaws.com/colinx-ecom-static-assets-timken/CatalogImages/G-Power_PG101(TKR17010006).jpg,http://www.timken-us.ptplace.comNone,http://www.timken-us.ptplace.comNone,,,,,,,,,,,,,,,,,,,,,,,,,,,,,,
https://timken-us.ptplace.com/productDetail/_pn=PG102217_sc=2?reference=PartSearchListLink,Timken Product Catalog| Lubrication| Lubrication Delivery Systems,G-POWER Complete Unit with GR217 All Purpose Industrial LC-2 GREASE grease 120cc,https://s3.amazonaws.com/colinx-ecom-static-assets-timken/CatalogImages/G-Power_PG102.jpg,http://www.timken-us.ptplace.comhttp://www.timken.com/en-US/products/lubrication/Pages/default.aspx,http://www.timken-us.ptplace.comNone,,,,,,,,,,,,,,,,,,,,,,,,,,,,,,
https://timken-us.ptplace.com/productDetail/_pn=PG102231?reference=PartSearchListLink,Timken Product Catalog| Lubrication| Lubrication Delivery Systems,G-POWER Complete Unit with GR231 Food Safe GREASE grease 120cc,https://s3.amazonaws.com/colinx-ecom-static-assets-timken/CatalogImages/G-Power_PG102.jpg,http://www.timken-us.ptplace.comNone,http://www.timken-us.ptplace.comNone,,,,,,,,,,,,,,,,,,,,,,,,,,,,,,
https://timken-us.ptplace.com/productDetail/_pn=PG102308_sc=2?reference=PartSearchListLink,Timken Product Catalog| Lubrication| Lubrication Delivery Systems,G-POWER Complete Unit with GR308 Exxon Febis K 68 grease 120cc,https://s3.amazonaws.com/colinx-ecom-static-assets-timken/CatalogImages/G-Power_PG102.jpg,http://www.timken-us.ptplace.comhttp://www.timken.com/en-US/products/lubrication/Pages/default.aspx,http://www.timken-us.ptplace.comNone,,,,,,,,,,,,,,,,,,,,,,,,,,,,,,
https://timken-us.ptplace.com/productDetail/_pn=PG114000?reference=PartSearchListLink,Timken Product Catalog| Lubrication| Lubrication Delivery Systems,G-Power Standard Activator (Model 101) - 12 month (Gray),https://s3.amazonaws.com/colinx-ecom-static-assets-timken/CatalogImages/lubricator_activator_grey(TKR17010014).jpg,http://www.timken-us.ptplace.comNone,http://www.timken-us.ptplace.comNone,,,,,,,,,,,,,,,,,,,,,,,,,,,,,,
https://timken-us.ptplace.com/productDetail/_pn=PM221255?reference=PartSearchListLink,Timken Product Catalog| Lubrication| Lubrication Delivery Systems,M-POWER Cartridge and Battery with grease 65cc,https://s3.amazonaws.com/colinx-ecom-static-assets-timken/CatalogImages/M-Power 60cc.jpg,http://www.timken-us.ptplace.comNone,http://www.timken-us.ptplace.comNone,,,,,,,,,,,,,,,,,,,,,,,,,,,,,,
https://timken-us.ptplace.com/productDetail/_pn=PM222182_sc=2?reference=PartSearchListLink,Timken Product Catalog| Lubrication| Lubrication Delivery Systems,M-POWER Complete Unit with GR182 Premium Mill NLGI NO 2.0 grease 65cc,https://s3.amazonaws.com/colinx-ecom-static-assets-timken/CatalogImages/InterLube_AC3_rtchd(TKR16090148).jpg,http://www.timken-us.ptplace.comNone,http://www.timken-us.ptplace.comNone,,,,,,,,,,,,,,,,,,,,,,,,,,,,,,
https://timken-us.ptplace.com/productDetail/_pn=PM222217_sc=2?reference=PartSearchListLink,Timken Product Catalog| Lubrication| Lubrication Delivery Systems,M-POWER Complete Unit with GR217 All Purpose Industrial LC-2 GREASE grease 65cc,https://s3.amazonaws.com/colinx-ecom-static-assets-timken/CatalogImages/InterLube_AC3_rtchd(TKR16090148).jpg,http://www.timken-us.ptplace.comhttp://www.timken.com/en-US/products/lubrication/Pages/default.aspx,http://www.timken-us.ptplace.comNone,,,,,,,,,,,,,,,,,,,,,,,,,,,,,,
https://timken-us.ptplace.com/productDetail/_pn=PM222231_sc=2?reference=PartSearchListLink,Timken Product Catalog| Lubrication| Lubrication Delivery Systems,M-POWER Complete Unit with GR231 Food Safe GREASE grease 65cc,https://s3.amazonaws.com/colinx-ecom-static-assets-timken/CatalogImages/InterLube_AC3_rtchd(TKR16090148).jpg,http://www.timken-us.ptplace.comNone,http://www.timken-us.ptplace.comNone,,,,,,,,,,,,,,,,,,,,,,,,,,,,,,
https://timken-us.ptplace.com/productDetail/_pn=PM241552?reference=PartSearchListLink,Timken Product Catalog| Lubrication| Lubrication Delivery Systems,M-Power Motorized Lubricator 120 cm3 Replacement Cartridge Kit ,https://s3.amazonaws.com/colinx-ecom-static-assets-timken/CatalogImages/M-Power 120cc.jpg,http://www.timken-us.ptplace.comNone,http://www.timken-us.ptplace.comNone,,,,,,,,,,,,,,,,,,,,,,,,,,,,,,
https://timken-us.ptplace.com/productDetail/_pn=PM241557?reference=PartSearchListLink,Timken Product Catalog| Lubrication| Lubrication Delivery Systems,Power Lubricator or Accessory,https://s3.amazonaws.com/colinx-ecom-static-assets-timken/CatalogImages/M-Power 120cc.jpg,http://www.timken-us.ptplace.comNone,http://www.timken-us.ptplace.comNone,,,,,,,,,,,,,,,,,,,,,,,,,,,,,,
https://timken-us.ptplace.com/productDetail/_pn=PM242182_sc=2?reference=PartSearchListLink,Timken Product Catalog| Lubrication| Lubrication Delivery Systems,M-POWER Complete Unit with GR182 Premium Mill NLGI NO 2.0 grease 130cc,https://s3.amazonaws.com/colinx-ecom-static-assets-timken/CatalogImages/InterLube_AC3_rtchd(TKR16090148).jpg,http://www.timken-us.ptplace.comNone,http://www.timken-us.ptplace.comNone,,,,,,,,,,,,,,,,,,,,,,,,,,,,,,
https://timken-us.ptplace.com/productDetail/_pn=PM242217_sc=2?reference=PartSearchListLink,Timken Product Catalog| Lubrication| Lubrication Delivery Systems,M-POWER Complete Unit with GR217 All Purpose Industrial LC-2 GREASE grease 130cc,https://s3.amazonaws.com/colinx-ecom-static-assets-timken/CatalogImages/InterLube_AC3_rtchd(TKR16090148).jpg,http://www.timken-us.ptplace.comhttp://www.timken.com/en-US/products/lubrication/Pages/default.aspx,http://www.timken-us.ptplace.comNone,,,,,,,,,,,,,,,,,,,,,,,,,,,,,,
https://timken-us.ptplace.com/productDetail/_pn=PM242231_sc=2?reference=PartSearchListLink,Timken Product Catalog| Lubrication| Lubrication Delivery Systems,M-POWER Complete Unit with GR231 Food Safe GREASE grease 130cc,https://s3.amazonaws.com/colinx-ecom-static-assets-timken/CatalogImages/InterLube_AC3_rtchd(TKR16090148).jpg,http://www.timken-us.ptplace.comNone,http://www.timken-us.ptplace.comNone,,,,,,,,,,,,,,,,,,,,,,,,,,,,,,
https://timken-us.ptplace.com/productDetail/_pn=PM242313_sc=2?reference=PartSearchListLink,Timken Product Catalog| Lubrication| Lubrication Delivery Systems,M-POWER Complete Unit with GR313 Mobil XHP 222 Special grease 130cc,https://s3.amazonaws.com/colinx-ecom-static-assets-timken/CatalogImages/InterLube_AC3_rtchd(TKR16090148).jpg,http://www.timken-us.ptplace.comhttp://www.timken.com/en-US/products/lubrication/Pages/default.aspx,http://www.timken-us.ptplace.comNone,,,,,,,,,,,,,,,,,,,,,,,,,,,,,,
https://timken-us.ptplace.com/productDetail/_pn=PM242339_sc=2?reference=PartSearchListLink,Timken Product Catalog| Lubrication| Lubrication Delivery Systems,M-POWER Complete Unit with GR339 Castrol Moluballoy 860/150-1 grease 130cc,https://s3.amazonaws.com/colinx-ecom-static-assets-timken/CatalogImages/InterLube_AC3_rtchd(TKR16090148).jpg,http://www.timken-us.ptplace.comhttp://www.timken.com/en-US/products/lubrication/Pages/default.aspx,http://www.timken-us.ptplace.comNone,,,,,,,,,,,,,,,,,,,,,,,,,,,,,,
https://timken-us.ptplace.com/productDetail/_pn=PM242506_sc=2?reference=PartSearchListLink,Timken Product Catalog| Lubrication| Lubrication Delivery Systems,M-POWER Complete Unit with GR506 Mobilith SHC 100 grease 130cc,https://s3.amazonaws.com/colinx-ecom-static-assets-timken/CatalogImages/InterLube_AC3_rtchd(TKR16090148).jpg,http://www.timken-us.ptplace.comhttp://www.timken.com/en-US/products/lubrication/Pages/default.aspx,http://www.timken-us.ptplace.comNone,,,,,,,,,,,,,,,,,,,,,,,,,,,,,,
https://timken-us.ptplace.com/productDetail/_pn=PM281560?reference=PartSearchListLink,Timken Product Catalog| Lubrication| Lubrication Delivery Systems,Power Lubricator or Accessory,https://s3.amazonaws.com/colinx-ecom-static-assets-timken/CatalogImages/M-Power 250cc.jpg,http://www.timken-us.ptplace.comNone,http://www.timken-us.ptplace.comNone,,,,,,,,,,,,,,,,,,,,,,,,,,,,,,
https://timken-us.ptplace.com/productDetail/_pn=PM282182_sc=2?reference=PartSearchListLink,Timken Product Catalog| Lubrication| Lubrication Delivery Systems,M-POWER Complete Unit with GR182 Premium Mill NLGI NO 2.0 grease 250cc,https://s3.amazonaws.com/colinx-ecom-static-assets-timken/CatalogImages/InterLube_AC3_rtchd(TKR16090148).jpg,http://www.timken-us.ptplace.comNone,http://www.timken-us.ptplace.comNone,,,,,,,,,,,,,,,,,,,,,,,,,,,,,,
https://timken-us.ptplace.com/productDetail/_pn=PM282217_sc=2?reference=PartSearchListLink,Timken Product Catalog| Lubrication| Lubrication Delivery Systems,M-POWER Complete Unit with GR217 All Purpose Industrial LC-2 GREASE grease 250cc,https://s3.amazonaws.com/colinx-ecom-static-assets-timken/CatalogImages/InterLube_AC3_rtchd(TKR16090148).jpg,http://www.timken-us.ptplace.comhttp://www.timken.com/en-US/products/lubrication/Pages/default.aspx,http://www.timken-us.ptplace.comNone,,,,,,,,,,,,,,,,,,,,,,,,,,,,,,
https://timken-us.ptplace.com/productDetail/_pn=PM282219_sc=2?reference=PartSearchListLink,Timken Product Catalog| Lubrication| Lubrication Delivery Systems,M-POWER Complete Unit with GR219 CONSTRUCTION and OFF-HWY GREASEgrease 250cc,https://s3.amazonaws.com/colinx-ecom-static-assets-timken/CatalogImages/InterLube_AC3_rtchd(TKR16090148).jpg,http://www.timken-us.ptplace.comhttp://www.timken.com/en-US/products/lubrication/Pages/default.aspx,http://www.timken-us.ptplace.comNone,,,,,,,,,,,,,,,,,,,,,,,,,,,,,,
https://timken-us.ptplace.com/productDetail/_pn=PM282231_sc=2?reference=PartSearchListLink,Timken Product Catalog| Lubrication| Lubrication Delivery Systems,M-POWER Complete Unit with GR231 Food Safe GREASE grease 250cc,https://s3.amazonaws.com/colinx-ecom-static-assets-timken/CatalogImages/InterLube_AC3_rtchd(TKR16090148).jpg,http://www.timken-us.ptplace.comNone,http://www.timken-us.ptplace.comNone,,,,,,,,,,,,,,,,,,,,,,,,,,,,,,
https://timken-us.ptplace.com/productDetail/_pn=PM282308_sc=2?reference=PartSearchListLink,Timken Product Catalog| Lubrication| Lubrication Delivery Systems,M-POWER Complete Unit with GR308 Exxon Febis K 68 grease 250cc,https://s3.amazonaws.com/colinx-ecom-static-assets-timken/CatalogImages/InterLube_AC3_rtchd(TKR16090148).jpg,http://www.timken-us.ptplace.comhttp://www.timken.com/en-US/products/lubrication/Pages/default.aspx,http://www.timken-us.ptplace.comNone,,,,,,,,,,,,,,,,,,,,,,,,,,,,,,
https://timken-us.ptplace.com/productDetail/_pn=PM282407_sc=2?reference=PartSearchListLink,Timken Product Catalog| Lubrication| Lubrication Delivery Systems,M-POWER Complete Unit with GR407 Chevron Delo EP-2 grease 250cc,https://s3.amazonaws.com/colinx-ecom-static-assets-timken/CatalogImages/InterLube_AC3_rtchd(TKR16090148).jpg,http://www.timken-us.ptplace.comhttp://www.timken.com/en-US/products/lubrication/Pages/default.aspx,http://www.timken-us.ptplace.comNone,,,,,,,,,,,,,,,,,,,,,,,,,,,,,,
https://timken-us.ptplace.com/productDetail/_pn=PM282997_sc=2?reference=PartSearchListLink,Timken Product Catalog| Lubrication| Lubrication Delivery Systems,M-POWER Complete Unit with GR997 Category A Grease grease 250cc,https://s3.amazonaws.com/colinx-ecom-static-assets-timken/CatalogImages/InterLube_AC3_rtchd(TKR16090148).jpg,http://www.timken-us.ptplace.comNone,http://www.timken-us.ptplace.comNone,,,,,,,,,,,,,,,,,,,,,,,,,,,,,,
https://timken-us.ptplace.com/productDetail/_pn=PM284000_sc=2?reference=PartSearchListLink,Timken Product Catalog| Lubrication| Lubrication Delivery Systems,M-Power Motorized Lubricator,https://s3.amazonaws.com/colinx-ecom-static-assets-timken/CatalogImages/M-PowerMotor(TKR17010013).jpg,http://www.timken-us.ptplace.comNone,http://www.timken-us.ptplace.comNone,,,,,,,,,,,,,,,,,,,,,,,,,,,,,,
https://timken-us.ptplace.com/productDetail/_pn=PT521217?reference=PartSearchListLink,Timken Product Catalog| Lubrication| Lubrication Delivery Systems,T-POWER Cartridge Only with GR217 All Purpose Industrial LC-2 GREASE grease 65cc,https://s3.amazonaws.com/colinx-ecom-static-assets-timken/CatalogImages/T-Power.jpg,http://www.timken-us.ptplace.comNone,http://www.timken-us.ptplace.comNone,,,,,,,,,,,,,,,,,,,,,,,,,,,,,,
https://timken-us.ptplace.com/productDetail/_pn=PT521231?reference=PartSearchListLink,Timken Product Catalog| Lubrication| Lubrication Delivery Systems,T-POWER Cartridge Only with GR231 Food Safe GREASE grease 65cc,https://s3.amazonaws.com/colinx-ecom-static-assets-timken/CatalogImages/T-Power.jpg,http://www.timken-us.ptplace.comNone,http://www.timken-us.ptplace.comNone,,,,,,,,,,,,,,,,,,,,,,,,,,,,,,
https://timken-us.ptplace.com/productDetail/_pn=PT522217?reference=PartSearchListLink,Timken Product Catalog| Lubrication| Lubrication Delivery Systems,T-POWER Complete Unit with GR217 All Purpose Industrial LC-2 GREASE grease 65cc,https://s3.amazonaws.com/colinx-ecom-static-assets-timken/CatalogImages/T-Power.jpg,http://www.timken-us.ptplace.comNone,http://www.timken-us.ptplace.comNone,,,,,,,,,,,,,,,,,,,,,,,,,,,,,,
https://timken-us.ptplace.com/productDetail/_pn=PT522231?reference=PartSearchListLink,Timken Product Catalog| Lubrication| Lubrication Delivery Systems,T-POWER Complete Unit with GR231 Food Safe GREASE grease 65cc,https://s3.amazonaws.com/colinx-ecom-static-assets-timken/CatalogImages/T-Power.jpg,http://www.timken-us.ptplace.comNone,http://www.timken-us.ptplace.comNone,,,,,,,,,,,,,,,,,,,,,,,,,,,,,,
https://timken-us.ptplace.com/productDetail/_pn=PT541217?reference=PartSearchListLink,Timken Product Catalog| Lubrication| Lubrication Delivery Systems,T-POWER Cartridge Only with GR217 All Purpose Industrial LC-2 GREASE grease 130cc,https://s3.amazonaws.com/colinx-ecom-static-assets-timken/CatalogImages/T-Power.jpg,http://www.timken-us.ptplace.comNone,http://www.timken-us.ptplace.comNone,,,,,,,,,,,,,,,,,,,,,,,,,,,,,,
https://timken-us.ptplace.com/productDetail/_pn=PT541231?reference=PartSearchListLink,Timken Product Catalog| Lubrication| Lubrication Delivery Systems,T-POWER Cartridge Only with GR231 Food Safe GREASE grease 130cc,https://s3.amazonaws.com/colinx-ecom-static-assets-timken/CatalogImages/T-Power.jpg,http://www.timken-us.ptplace.comNone,http://www.timken-us.ptplace.comNone,,,,,,,,,,,,,,,,,,,,,,,,,,,,,,
https://timken-us.ptplace.com/productDetail/_pn=PT542217?reference=PartSearchListLink,Timken Product Catalog| Lubrication| Lubrication Delivery Systems,T-POWER Complete Unit with GR217 All Purpose Industrial LC-2 GREASE grease 130cc,https://s3.amazonaws.com/colinx-ecom-static-assets-timken/CatalogImages/T-Power.jpg,http://www.timken-us.ptplace.comNone,http://www.timken-us.ptplace.comNone,,,,,,,,,,,,,,,,,,,,,,,,,,,,,,
https://timken-us.ptplace.com/productDetail/_pn=PT542231?reference=PartSearchListLink,Timken Product Catalog| Lubrication| Lubrication Delivery Systems,T-POWER Complete Unit with GR231 Food Safe GREASE grease 130cc,https://s3.amazonaws.com/colinx-ecom-static-assets-timken/CatalogImages/T-Power.jpg,http://www.timken-us.ptplace.comNone,http://www.timken-us.ptplace.comNone,,,,,,,,,,,,,,,,,,,,,,,,,,,,,,
