Link,UPC Code,
https://timken-us.ptplace.com/productDetail/_pn=EE168400_sc=90012?reference=PartSearchListLink,This part supersedes 400TS864 CC1177,
https://timken-us.ptplace.com/productDetail/_pn=SET362_sc=900SA?reference=PartSearchListLink,UPC,53893840406
https://timken-us.ptplace.com/productDetail/_pn=07000LA_sc=902A1?reference=PartSearchListLink,UPC,53893164632
https://timken-us.ptplace.com/productDetail/_pn=SET61_sc=900SA?reference=PartSearchListLink,UPC,53893813424
https://timken-us.ptplace.com/productDetail/_pn=SET90_sc=900SA?reference=PartSearchListLink,UPC,53893839134
https://timken-us.ptplace.com/productDetail/_pn=15520RB_sc=90020?reference=PartSearchListLink,UPC,53893189482
https://timken-us.ptplace.com/productDetail/_pn=17116D_sc=902A1?reference=PartSearchListLink,UPC,53893249285
https://timken-us.ptplace.com/productDetail/_pn=SET121_sc=900SA?reference=PartSearchListLink,UPC,53893838946
https://timken-us.ptplace.com/productDetail/_pn=SET95_sc=900SA?reference=PartSearchListLink,UPC,53893892115
https://timken-us.ptplace.com/productDetail/_pn=SET228_sc=900SA?reference=PartSearchListLink,UPC,53893839479
https://timken-us.ptplace.com/productDetail/_pn=SET229_sc=900SA?reference=PartSearchListLink,UPC,53893839486
https://timken-us.ptplace.com/productDetail/_pn=SET456_sc=900SA?reference=PartSearchListLink,UPC,53893927442
https://timken-us.ptplace.com/productDetail/_pn=SET407_sc=900SA?reference=PartSearchListLink,UPC,53893815909
https://timken-us.ptplace.com/productDetail/_pn=SET457_sc=900SA?reference=PartSearchListLink,UPC,53893927459
https://timken-us.ptplace.com/productDetail/_pn=SET501_sc=900SA?reference=PartSearchListLink,UPC,53893813660
https://timken-us.ptplace.com/productDetail/_pn=SET235_sc=900SA?reference=PartSearchListLink,UPC,53893839530
https://timken-us.ptplace.com/productDetail/_pn=SET450_sc=900SA?reference=PartSearchListLink,UPC,53893927381
https://timken-us.ptplace.com/productDetail/_pn=SET274_sc=900SA?reference=PartSearchListLink,UPC,53893839899
https://timken-us.ptplace.com/productDetail/_pn=SET473_sc=900SA?reference=PartSearchListLink,UPC,53893927602
https://timken-us.ptplace.com/productDetail/_pn=SET492_sc=900SA?reference=PartSearchListLink,UPC,53893927787
https://timken-us.ptplace.com/productDetail/_pn=SET286_sc=900SA?reference=PartSearchListLink,UPC,53893840017
https://timken-us.ptplace.com/productDetail/_pn=SET288_sc=900SA?reference=PartSearchListLink,UPC,53893840031
https://timken-us.ptplace.com/productDetail/_pn=SET490_sc=900SA?reference=PartSearchListLink,UPC,53893927763
https://timken-us.ptplace.com/productDetail/_pn=SET801_sc=900SA?reference=PartSearchListLink,UPC,53893841632
https://timken-us.ptplace.com/productDetail/_pn=SET921_sc=900SA?reference=PartSearchListLink,UPC,53893841144
https://timken-us.ptplace.com/productDetail/_pn=SET480_sc=900SA?reference=PartSearchListLink,UPC,53893927671
https://timken-us.ptplace.com/productDetail/_pn=SET220_sc=900SA?reference=PartSearchListLink,UPC,53893839400
https://timken-us.ptplace.com/productDetail/_pn=SET300_sc=900SA?reference=PartSearchListLink,UPC,53893840154
https://timken-us.ptplace.com/productDetail/_pn=SET909_sc=900SA?reference=PartSearchListLink,UPC,53893839066
https://timken-us.ptplace.com/productDetail/_pn=SET910_sc=900SA?reference=PartSearchListLink,UPC,53893839073
https://timken-us.ptplace.com/productDetail/_pn=SET505_sc=900SA?reference=PartSearchListLink,UPC,53893813707
https://timken-us.ptplace.com/productDetail/_pn=84115_sc=99402?reference=PartSearchListLink,UPC,53893110929
https://timken-us.ptplace.com/productDetail/_pn=88925_sc=903A1?reference=PartSearchListLink,UPC,53893805818
https://timken-us.ptplace.com/productDetail/_pn=EE113089_sc=90033?reference=PartSearchListLink,UPC,53893817699
https://timken-us.ptplace.com/productDetail/_pn=H221647NA_sc=903A1?reference=PartSearchListLink,UPC,53893516837
https://timken-us.ptplace.com/productDetail/_pn=SET331_sc=900SA?reference=PartSearchListLink,UPC,53893840529
https://timken-us.ptplace.com/productDetail/_pn=SET332_sc=900SA?reference=PartSearchListLink,UPC,53893840536
https://timken-us.ptplace.com/productDetail/_pn=JHM88540_sc=90K01?reference=PartSearchListLink,UPC,53893429090
https://timken-us.ptplace.com/productDetail/_pn=SET333_sc=900SA?reference=PartSearchListLink,UPC,53893840543
https://timken-us.ptplace.com/productDetail/_pn=SET327_sc=900SA?reference=PartSearchListLink,UPC,53893840376
https://timken-us.ptplace.com/productDetail/_pn=JRM3535_sc=90U01?reference=PartSearchListLink,UPC,53893128207
https://timken-us.ptplace.com/productDetail/_pn=SET236_sc=900SA?reference=PartSearchListLink,UPC,53893866208
https://timken-us.ptplace.com/productDetail/_pn=L44600LA_sc=902A1?reference=PartSearchListLink,UPC,53893293899
https://timken-us.ptplace.com/productDetail/_pn=L44600LB_sc=902A2?reference=PartSearchListLink,UPC,53893152844
https://timken-us.ptplace.com/productDetail/_pn=L778149_sc=90010?reference=PartSearchListLink,UPC,53893687728
https://timken-us.ptplace.com/productDetail/_pn=LM104947A_sc=90010?reference=PartSearchListLink,UPC,53893469515
https://timken-us.ptplace.com/productDetail/_pn=LM11900LA_sc=902A1?reference=PartSearchListLink,UPC,53893173764
https://timken-us.ptplace.com/productDetail/_pn=SET809_sc=900SA?reference=PartSearchListLink,UPC,53893841717
https://timken-us.ptplace.com/productDetail/_pn=LM29700LA_sc=902A1?reference=PartSearchListLink,UPC,53893242149
https://timken-us.ptplace.com/productDetail/_pn=LM361649_sc=903A2?reference=PartSearchListLink,UPC,53893128764
https://timken-us.ptplace.com/productDetail/_pn=LM48500LA_sc=902A1?reference=PartSearchListLink,UPC,53893313153
https://timken-us.ptplace.com/productDetail/_pn=LM665949_sc=90016?reference=PartSearchListLink,UPC,53893661346
https://timken-us.ptplace.com/productDetail/_pn=LM869448_sc=90023?reference=PartSearchListLink,UPC,53893702582
https://timken-us.ptplace.com/productDetail/_pn=SET89_sc=900SA?reference=PartSearchListLink,UPC,53893839127
https://timken-us.ptplace.com/productDetail/_pn=SET328_sc=900SA?reference=PartSearchListLink,UPC,53893840499
https://timken-us.ptplace.com/productDetail/_pn=SET310_sc=900SA?reference=PartSearchListLink,UPC,53893840239
https://timken-us.ptplace.com/productDetail/_pn=SET437_sc=900SA?reference=PartSearchListLink,UPC,53893841090
https://timken-us.ptplace.com/productDetail/_pn=SET438_sc=900SA?reference=PartSearchListLink,UPC,53893841106
https://timken-us.ptplace.com/productDetail/_pn=H337840_sc=90084?reference=PartSearchListLink,UPC,53893039336
https://timken-us.ptplace.com/productDetail/_pn=H337846_sc=90016?reference=PartSearchListLink,UPC,53893941530
https://timken-us.ptplace.com/productDetail/_pn=HM127440_sc=90332?reference=PartSearchListLink,UPC,53893805689
https://timken-us.ptplace.com/productDetail/_pn=HM133436_sc=90203?reference=PartSearchListLink,UPC,53893946689
https://timken-us.ptplace.com/productDetail/_pn=HM133444_sc=90011?reference=PartSearchListLink,UPC,53893039336
https://timken-us.ptplace.com/productDetail/_pn=HM136940_sc=90018?reference=PartSearchListLink,UPC,53893498393
https://timken-us.ptplace.com/productDetail/_pn=NP633994_sc=90019?reference=PartSearchListLink,UPC,53893039336
https://timken-us.ptplace.com/productDetail/_pn=37431_sc=2?reference=PartSearchListLink,UPC,53893274805
https://timken-us.ptplace.com/productDetail/_pn=46720_sc=2?reference=PartSearchListLink,UPC,53893299297
https://timken-us.ptplace.com/productDetail/_pn=48220_sc=2?reference=PartSearchListLink,UPC,53893307879
https://timken-us.ptplace.com/productDetail/_pn=71750_sc=2?reference=PartSearchListLink,UPC,53893385006
https://timken-us.ptplace.com/productDetail/_pn=74550A_sc=2?reference=PartSearchListLink,UPC,53893394954
https://timken-us.ptplace.com/productDetail/_pn=HH224310V_sc=2?reference=PartSearchListLink,UPC,53893518008
https://timken-us.ptplace.com/productDetail/_pn=L225810_sc=2?reference=PartSearchListLink,UPC,53893521206
https://timken-us.ptplace.com/productDetail/_pn=LM844010_sc=2?reference=PartSearchListLink,UPC,53893700120
https://timken-us.ptplace.com/productDetail/_pn=SET1310_sc=900SA?reference=PartSearchListLink,UPC,85706030438
https://timken-us.ptplace.com/productDetail/_pn=SET10_sc=900SA?reference=PartSearchListLink,UPC,53893730035
https://timken-us.ptplace.com/productDetail/_pn=13600LA_sc=90070?reference=PartSearchListLink,UPC,53893178141
https://timken-us.ptplace.com/productDetail/_pn=EE161400_sc=90048?reference=PartSearchListLink,UPC,53893504339
https://timken-us.ptplace.com/productDetail/_pn=EE224115_sc=90018?reference=PartSearchListLink,UPC,53893517353
https://timken-us.ptplace.com/productDetail/_pn=EE234160W_sc=90059?reference=PartSearchListLink,UPC,53893531595
https://timken-us.ptplace.com/productDetail/_pn=EE241701_sc=90013?reference=PartSearchListLink,UPC,53893543222
https://timken-us.ptplace.com/productDetail/_pn=25570_sc=90073?reference=PartSearchListLink,UPC,53893214610
https://timken-us.ptplace.com/productDetail/_pn=27620RB_sc=90024?reference=PartSearchListLink,UPC,53893226729
https://timken-us.ptplace.com/productDetail/_pn=EE277455_sc=90015?reference=PartSearchListLink,UPC,53893808086
https://timken-us.ptplace.com/productDetail/_pn=28980_sc=90085?reference=PartSearchListLink,UPC,53893234496
https://timken-us.ptplace.com/productDetail/_pn=37625RB_sc=90034?reference=PartSearchListLink,UPC,53893275444
https://timken-us.ptplace.com/productDetail/_pn=3875_sc=90027?reference=PartSearchListLink,UPC,53893134352
https://timken-us.ptplace.com/productDetail/_pn=3919RB_sc=90077?reference=PartSearchListLink,UPC,53893135120
https://timken-us.ptplace.com/productDetail/_pn=394ARB_sc=90188?reference=PartSearchListLink,UPC,53893025872
https://timken-us.ptplace.com/productDetail/_pn=399D_sc=90270?reference=PartSearchListLink,UPC,53893030289
https://timken-us.ptplace.com/productDetail/_pn=42362_sc=90129?reference=PartSearchListLink,UPC,53893806013
https://timken-us.ptplace.com/productDetail/_pn=EE426200_sc=90015?reference=PartSearchListLink,UPC,53893613208
https://timken-us.ptplace.com/productDetail/_pn=496AS_sc=90133?reference=PartSearchListLink,UPC,53893046822
https://timken-us.ptplace.com/productDetail/_pn=581D_sc=90094?reference=PartSearchListLink,UPC,53893063423
https://timken-us.ptplace.com/productDetail/_pn=64433_sc=90058?reference=PartSearchListLink,UPC,53893352725
https://timken-us.ptplace.com/productDetail/_pn=EE655270_sc=90035?reference=PartSearchListLink,UPC,53893660271
https://timken-us.ptplace.com/productDetail/_pn=67782W_sc=90188?reference=PartSearchListLink,UPC,53893369587
https://timken-us.ptplace.com/productDetail/_pn=68712RB_sc=90018?reference=PartSearchListLink,UPC,53893379159
https://timken-us.ptplace.com/productDetail/_pn=EE737173_sc=90018?reference=PartSearchListLink,UPC,53893674797
https://timken-us.ptplace.com/productDetail/_pn=EE749260_sc=90021?reference=PartSearchListLink,UPC,53893680262
https://timken-us.ptplace.com/productDetail/_pn=EE752305_sc=90022?reference=PartSearchListLink,UPC,53893681498
https://timken-us.ptplace.com/productDetail/_pn=78251D_sc=90031?reference=PartSearchListLink,UPC,53893402314
https://timken-us.ptplace.com/productDetail/_pn=80385_sc=90013?reference=PartSearchListLink,UPC,53893407081
https://timken-us.ptplace.com/productDetail/_pn=EE843220_sc=90029?reference=PartSearchListLink,UPC,53893699660
https://timken-us.ptplace.com/productDetail/_pn=90334_sc=90018?reference=PartSearchListLink,UPC,53893434582
https://timken-us.ptplace.com/productDetail/_pn=938_sc=99401?reference=PartSearchListLink,UPC,53893652214
https://timken-us.ptplace.com/productDetail/_pn=941_sc=99401?reference=PartSearchListLink,UPC,53893984827
https://timken-us.ptplace.com/productDetail/_pn=95500_sc=99405?reference=PartSearchListLink,UPC,53893985206
https://timken-us.ptplace.com/productDetail/_pn=EE971354_sc=90041?reference=PartSearchListLink,UPC,53893719405
https://timken-us.ptplace.com/productDetail/_pn=98350_sc=90039?reference=PartSearchListLink,UPC,53893457789
https://timken-us.ptplace.com/productDetail/_pn=3822RB_sc=90030?reference=PartSearchListLink,UPC,53893134178
https://timken-us.ptplace.com/productDetail/_pn=59429RB_sc=90021?reference=PartSearchListLink,UPC,53893344638
https://timken-us.ptplace.com/productDetail/_pn=DX700733_sc=902A1?reference=PartSearchListLink,UPC,53893099064
https://timken-us.ptplace.com/productDetail/_pn=DX027767_sc=902A1?reference=PartSearchListLink,UPC,53893099071
https://timken-us.ptplace.com/productDetail/_pn=DX513576_sc=902A1?reference=PartSearchListLink,UPC,53893003849
https://timken-us.ptplace.com/productDetail/_pn=EE743240_sc=902A2?reference=PartSearchListLink,UPC,53893678917
https://timken-us.ptplace.com/productDetail/_pn=EE911600_sc=90045?reference=PartSearchListLink,UPC,53893706030
https://timken-us.ptplace.com/productDetail/_pn=H961649_sc=90014?reference=PartSearchListLink,UPC,53893718705
https://timken-us.ptplace.com/productDetail/_pn=H969249_sc=90011?reference=PartSearchListLink,UPC,53893718972
https://timken-us.ptplace.com/productDetail/_pn=HM266446_sc=90113?reference=PartSearchListLink,UPC,53893570556
https://timken-us.ptplace.com/productDetail/_pn=SET330_sc=900SA?reference=PartSearchListLink,UPC,53893840512
https://timken-us.ptplace.com/productDetail/_pn=HM803110RB_sc=90017?reference=PartSearchListLink,UPC,53893691091
https://timken-us.ptplace.com/productDetail/_pn=HM807015BR_sc=90017?reference=PartSearchListLink,UPC,53893693446
https://timken-us.ptplace.com/productDetail/_pn=HM926740_sc=90081?reference=PartSearchListLink,UPC,53893711607
https://timken-us.ptplace.com/productDetail/_pn=SET28_sc=900SA?reference=PartSearchListLink,UPC,53893730202
https://timken-us.ptplace.com/productDetail/_pn=JRM3535X_sc=90U07?reference=PartSearchListLink,UPC,53893128467
https://timken-us.ptplace.com/productDetail/_pn=JW8549P_sc=90KA1?reference=PartSearchListLink,UPC,53893161822
https://timken-us.ptplace.com/productDetail/_pn=L217849_sc=90020?reference=PartSearchListLink,UPC,53893512426
https://timken-us.ptplace.com/productDetail/_pn=L269143_sc=90010?reference=PartSearchListLink,UPC,53893573618
https://timken-us.ptplace.com/productDetail/_pn=L281148_sc=90016?reference=PartSearchListLink,UPC,53893583914
https://timken-us.ptplace.com/productDetail/_pn=LL579749_sc=90013?reference=PartSearchListLink,UPC,53893649085
https://timken-us.ptplace.com/productDetail/_pn=LL580049_sc=90011?reference=PartSearchListLink,UPC,53893649368
https://timken-us.ptplace.com/productDetail/_pn=LL582949_sc=90012?reference=PartSearchListLink,UPC,53893649634
https://timken-us.ptplace.com/productDetail/_pn=LL584449_sc=90010?reference=PartSearchListLink,UPC,53893649696
https://timken-us.ptplace.com/productDetail/_pn=LL687949_sc=90015?reference=PartSearchListLink,UPC,53893663753
https://timken-us.ptplace.com/productDetail/_pn=LL771948_sc=90010?reference=PartSearchListLink,UPC,53893115467
https://timken-us.ptplace.com/productDetail/_pn=LM272235_sc=90010?reference=PartSearchListLink,UPC,53893575711
https://timken-us.ptplace.com/productDetail/_pn=LM286249AA_sc=904A9?reference=PartSearchListLink,UPC,53893125718
https://timken-us.ptplace.com/productDetail/_pn=LM67010BCE_sc=90011?reference=PartSearchListLink,UPC,53893361772
https://timken-us.ptplace.com/productDetail/_pn=LM67000LA_sc=902A1?reference=PartSearchListLink,UPC,53893361437
https://timken-us.ptplace.com/productDetail/_pn=M12600LA_sc=902A1?reference=PartSearchListLink,UPC,53893175980
https://timken-us.ptplace.com/productDetail/_pn=M667944_sc=90042?reference=PartSearchListLink,UPC,53893661919
https://timken-us.ptplace.com/productDetail/_pn=NA24776SW_sc=90010?reference=PartSearchListLink,UPC,53893209333
https://timken-us.ptplace.com/productDetail/_pn=NA52375T_sc=90020?reference=PartSearchListLink,UPC,53893321240
https://timken-us.ptplace.com/productDetail/_pn=HM124646_sc=90013?reference=PartSearchListLink,UPC,53893039336
https://timken-us.ptplace.com/productDetail/_pn=HM136936_sc=90016?reference=PartSearchListLink,UPC,53893498287
https://timken-us.ptplace.com/productDetail/_pn=64700_sc=2?reference=PartSearchListLink,UPC,53893355016
https://timken-us.ptplace.com/productDetail/_pn=683XA_sc=2?reference=PartSearchListLink,UPC,53893078557
https://timken-us.ptplace.com/productDetail/_pn=SET50_sc=900SA?reference=PartSearchListLink,UPC,53893803395
https://timken-us.ptplace.com/productDetail/_pn=SET15_sc=900SA?reference=PartSearchListLink,UPC,53893730080
https://timken-us.ptplace.com/productDetail/_pn=SET307_sc=900SA?reference=PartSearchListLink,UPC,53893841182
https://timken-us.ptplace.com/productDetail/_pn=EE121140_sc=90012?reference=PartSearchListLink,UPC,53893478531
https://timken-us.ptplace.com/productDetail/_pn=EE125095_sc=90010?reference=PartSearchListLink,UPC,53893481067
https://timken-us.ptplace.com/productDetail/_pn=SET249_sc=900SA?reference=PartSearchListLink,UPC,53893839646
https://timken-us.ptplace.com/productDetail/_pn=14139_sc=90051?reference=PartSearchListLink,UPC,53893183305
https://timken-us.ptplace.com/productDetail/_pn=SET251_sc=900SA?reference=PartSearchListLink,UPC,53893839660
https://timken-us.ptplace.com/productDetail/_pn=SET355_sc=900SA?reference=PartSearchListLink,UPC,53893840697
https://timken-us.ptplace.com/productDetail/_pn=SET120_sc=900SA?reference=PartSearchListLink,UPC,53893839233
https://timken-us.ptplace.com/productDetail/_pn=SET253_sc=900SA?reference=PartSearchListLink,UPC,53893839684
https://timken-us.ptplace.com/productDetail/_pn=18790_sc=90037?reference=PartSearchListLink,UPC,53893198293
https://timken-us.ptplace.com/productDetail/_pn=EE203136_sc=90013?reference=PartSearchListLink,UPC,53893008578
https://timken-us.ptplace.com/productDetail/_pn=21075_sc=90025?reference=PartSearchListLink,UPC,53893202990
https://timken-us.ptplace.com/productDetail/_pn=EE234156W_sc=90055?reference=PartSearchListLink,UPC,53893530741
https://timken-us.ptplace.com/productDetail/_pn=EE243197_sc=90119?reference=PartSearchListLink,UPC,53893545776
https://timken-us.ptplace.com/productDetail/_pn=EE243192W_sc=90046?reference=PartSearchListLink,UPC,53893545004
https://timken-us.ptplace.com/productDetail/_pn=SET258_sc=900SA?reference=PartSearchListLink,UPC,53893839738
https://timken-us.ptplace.com/productDetail/_pn=SET260_sc=900SA?reference=PartSearchListLink,UPC,53893839752
https://timken-us.ptplace.com/productDetail/_pn=SET261_sc=900SA?reference=PartSearchListLink,UPC,53893839769
https://timken-us.ptplace.com/productDetail/_pn=26885_sc=90034?reference=PartSearchListLink,UPC,53893225777
https://timken-us.ptplace.com/productDetail/_pn=EE275105_sc=902A8?reference=PartSearchListLink,UPC,53893774985
https://timken-us.ptplace.com/productDetail/_pn=EE285162_sc=90032?reference=PartSearchListLink,UPC,53893586427
https://timken-us.ptplace.com/productDetail/_pn=28682_sc=906A2?reference=PartSearchListLink,UPC,53893759319
https://timken-us.ptplace.com/productDetail/_pn=EE291201_sc=90019?reference=PartSearchListLink,UPC,53893589855
https://timken-us.ptplace.com/productDetail/_pn=SET267_sc=900SA?reference=PartSearchListLink,UPC,53893839820
https://timken-us.ptplace.com/productDetail/_pn=29676_sc=90064?reference=PartSearchListLink,UPC,53893240503
https://timken-us.ptplace.com/productDetail/_pn=33287_sc=90110?reference=PartSearchListLink,UPC,53893263410
https://timken-us.ptplace.com/productDetail/_pn=SET452_sc=900SA?reference=PartSearchListLink,UPC,53893927404
https://timken-us.ptplace.com/productDetail/_pn=385A_sc=90208?reference=PartSearchListLink,UPC,53893020174
https://timken-us.ptplace.com/productDetail/_pn=387A_sc=90170?reference=PartSearchListLink,UPC,53893022109
https://timken-us.ptplace.com/productDetail/_pn=SET77_sc=900SA?reference=PartSearchListLink,UPC,53893814681
https://timken-us.ptplace.com/productDetail/_pn=3975_sc=90066?reference=PartSearchListLink,UPC,53893136585
https://timken-us.ptplace.com/productDetail/_pn=SET237_sc=900SA?reference=PartSearchListLink,UPC,53893839547
https://timken-us.ptplace.com/productDetail/_pn=3982_sc=90125?reference=PartSearchListLink,UPC,53893137810
https://timken-us.ptplace.com/productDetail/_pn=39250_sc=906A2?reference=PartSearchListLink,UPC,53893753836
https://timken-us.ptplace.com/productDetail/_pn=399A_sc=90210?reference=PartSearchListLink,UPC,53893029689
https://timken-us.ptplace.com/productDetail/_pn=39590A_sc=90032?reference=PartSearchListLink,UPC,53893281131
https://timken-us.ptplace.com/productDetail/_pn=3980_sc=90058?reference=PartSearchListLink,UPC,53893137230
https://timken-us.ptplace.com/productDetail/_pn=46790_sc=99401?reference=PartSearchListLink,UPC,53893657486
https://timken-us.ptplace.com/productDetail/_pn=46790A_sc=90202?reference=PartSearchListLink,UPC,53893301860
https://timken-us.ptplace.com/productDetail/_pn=SET203_sc=900SA?reference=PartSearchListLink,UPC,53893839004
https://timken-us.ptplace.com/productDetail/_pn=SET426_sc=900SA?reference=PartSearchListLink,UPC,53893840987
https://timken-us.ptplace.com/productDetail/_pn=SET112_sc=900SA?reference=PartSearchListLink,UPC,53893823607
https://timken-us.ptplace.com/productDetail/_pn=EE538260_sc=90010?reference=PartSearchListLink,UPC,53893642055
https://timken-us.ptplace.com/productDetail/_pn=EE542215_sc=90043?reference=PartSearchListLink,UPC,53893643588
https://timken-us.ptplace.com/productDetail/_pn=SET294_sc=900SA?reference=PartSearchListLink,UPC,53893840093
https://timken-us.ptplace.com/productDetail/_pn=SET425_sc=900SA?reference=PartSearchListLink,UPC,53893840970
https://timken-us.ptplace.com/productDetail/_pn=SET241_sc=900SA?reference=PartSearchListLink,UPC,53893839578
https://timken-us.ptplace.com/productDetail/_pn=EE649239_sc=90035?reference=PartSearchListLink,UPC,53893658148
https://timken-us.ptplace.com/productDetail/_pn=EE649240_sc=90033?reference=PartSearchListLink,UPC,53893658261
https://timken-us.ptplace.com/productDetail/_pn=EE650170_sc=90016?reference=PartSearchListLink,UPC,53893659084
https://timken-us.ptplace.com/productDetail/_pn=65390_sc=90010?reference=PartSearchListLink,UPC,53893357171
https://timken-us.ptplace.com/productDetail/_pn=SET124_sc=900SA?reference=PartSearchListLink,UPC,53893838977
https://timken-us.ptplace.com/productDetail/_pn=685_sc=90175?reference=PartSearchListLink,UPC,53893078854
https://timken-us.ptplace.com/productDetail/_pn=EE720128_sc=90020?reference=PartSearchListLink,UPC,53893670201
https://timken-us.ptplace.com/productDetail/_pn=SET304_sc=900SA?reference=PartSearchListLink,UPC,53893840185
https://timken-us.ptplace.com/productDetail/_pn=74550_sc=99401?reference=PartSearchListLink,UPC,53893658759
https://timken-us.ptplace.com/productDetail/_pn=767D_sc=90171?reference=PartSearchListLink,UPC,53893086453
https://timken-us.ptplace.com/productDetail/_pn=EE755285_sc=90030?reference=PartSearchListLink,UPC,53893682112
https://timken-us.ptplace.com/productDetail/_pn=EE763330_sc=90017?reference=PartSearchListLink,UPC,53893684529
https://timken-us.ptplace.com/productDetail/_pn=EE776420_sc=90015?reference=PartSearchListLink,UPC,53893687452
https://timken-us.ptplace.com/productDetail/_pn=EE790114_sc=90033?reference=PartSearchListLink,UPC,53893689364
https://timken-us.ptplace.com/productDetail/_pn=EE790120_sc=90027?reference=PartSearchListLink,UPC,53893689531
https://timken-us.ptplace.com/productDetail/_pn=80480_sc=90013?reference=PartSearchListLink,UPC,53893407319
https://timken-us.ptplace.com/productDetail/_pn=93825_sc=99401?reference=PartSearchListLink,UPC,53893659169
https://timken-us.ptplace.com/productDetail/_pn=9380_sc=90019?reference=PartSearchListLink,UPC,53893157894
https://timken-us.ptplace.com/productDetail/_pn=936_sc=90018?reference=PartSearchListLink,UPC,53893100739
https://timken-us.ptplace.com/productDetail/_pn=96825_sc=90052?reference=PartSearchListLink,UPC,53893454399
https://timken-us.ptplace.com/productDetail/_pn=SET239_sc=900SA?reference=PartSearchListLink,UPC,53893839554
https://timken-us.ptplace.com/productDetail/_pn=34478RB_sc=90043?reference=PartSearchListLink,UPC,53893269436
https://timken-us.ptplace.com/productDetail/_pn=EE350701_sc=90010?reference=PartSearchListLink,UPC,53893603094
https://timken-us.ptplace.com/productDetail/_pn=SET419_sc=900SA?reference=PartSearchListLink,UPC,53893815992
https://timken-us.ptplace.com/productDetail/_pn=SET326_sc=2?reference=PartSearchListLink,UPC,53893840369
https://timken-us.ptplace.com/productDetail/_pn=SET510_sc=900SA?reference=PartSearchListLink,UPC,53893813752
https://timken-us.ptplace.com/productDetail/_pn=H913842_sc=90015?reference=PartSearchListLink,UPC,53893706696
https://timken-us.ptplace.com/productDetail/_pn=HH953749_sc=90046?reference=PartSearchListLink,UPC,53893717159
https://timken-us.ptplace.com/productDetail/_pn=HM266448_sc=90114?reference=PartSearchListLink,UPC,53893570969
https://timken-us.ptplace.com/productDetail/_pn=HM321245_sc=902A1?reference=PartSearchListLink,UPC,53893051635
https://timken-us.ptplace.com/productDetail/_pn=SET421_sc=900SA?reference=PartSearchListLink,UPC,53893840932
https://timken-us.ptplace.com/productDetail/_pn=SET100_sc=2?reference=PartSearchListLink,UPC,53893925509
https://timken-us.ptplace.com/productDetail/_pn=HM911242_sc=90010?reference=PartSearchListLink,UPC,53893705538
https://timken-us.ptplace.com/productDetail/_pn=JL286948H_sc=90KA4?reference=PartSearchListLink,UPC,53893928746
https://timken-us.ptplace.com/productDetail/_pn=JL286949H_sc=90KA3?reference=PartSearchListLink,UPC,53893872292
https://timken-us.ptplace.com/productDetail/_pn=JL286949_sc=90K02?reference=PartSearchListLink,UPC,53893588551
https://timken-us.ptplace.com/productDetail/_pn=JL624548_sc=90BA1?reference=PartSearchListLink,UPC,53893081267
https://timken-us.ptplace.com/productDetail/_pn=SET913_sc=900SA?reference=PartSearchListLink,UPC,53893840437
https://timken-us.ptplace.com/productDetail/_pn=SET912_sc=900SA?reference=PartSearchListLink,UPC,53893840420
https://timken-us.ptplace.com/productDetail/_pn=SET245_sc=900SA?reference=PartSearchListLink,UPC,53893839615
https://timken-us.ptplace.com/productDetail/_pn=JP12049_sc=90KA1?reference=PartSearchListLink,UPC,53893161709
https://timken-us.ptplace.com/productDetail/_pn=JP17049_sc=90BA1?reference=PartSearchListLink,UPC,53893192536
https://timken-us.ptplace.com/productDetail/_pn=KJP17049_sc=90KM1?reference=PartSearchListLink,UPC,53893654225
https://timken-us.ptplace.com/productDetail/_pn=L183449_sc=90010?reference=PartSearchListLink,UPC,53893507064
https://timken-us.ptplace.com/productDetail/_pn=L281147_sc=904A1?reference=PartSearchListLink,UPC,53893803210
https://timken-us.ptplace.com/productDetail/_pn=SET811_sc=900SA?reference=PartSearchListLink,UPC,53893841731
https://timken-us.ptplace.com/productDetail/_pn=L476548_sc=90017?reference=PartSearchListLink,UPC,53893623849
https://timken-us.ptplace.com/productDetail/_pn=L476549_sc=90010?reference=PartSearchListLink,UPC,53893623900
https://timken-us.ptplace.com/productDetail/_pn=L555249_sc=90014?reference=PartSearchListLink,UPC,53893156729
https://timken-us.ptplace.com/productDetail/_pn=L570648_sc=90035?reference=PartSearchListLink,UPC,53893648354
https://timken-us.ptplace.com/productDetail/_pn=L570649_sc=90010?reference=PartSearchListLink,UPC,53893648408
https://timken-us.ptplace.com/productDetail/_pn=SET925_sc=900SA?reference=PartSearchListLink,UPC,53893841830
https://timken-us.ptplace.com/productDetail/_pn=SET914_sc=900SA?reference=PartSearchListLink,UPC,53893840444
https://timken-us.ptplace.com/productDetail/_pn=LL382149_sc=90013?reference=PartSearchListLink,UPC,53893607580
https://timken-us.ptplace.com/productDetail/_pn=LL469949_sc=902A2?reference=PartSearchListLink,UPC,53893769820
https://timken-us.ptplace.com/productDetail/_pn=LL481448_sc=90011?reference=PartSearchListLink,UPC,53893624242
https://timken-us.ptplace.com/productDetail/_pn=LL483448_sc=90011?reference=PartSearchListLink,UPC,53893624464
https://timken-us.ptplace.com/productDetail/_pn=LL483449_sc=90010?reference=PartSearchListLink,UPC,53893789989
https://timken-us.ptplace.com/productDetail/_pn=LL575343_sc=90011?reference=PartSearchListLink,UPC,53893648996
https://timken-us.ptplace.com/productDetail/_pn=LL575349_sc=90010?reference=PartSearchListLink,UPC,53893649030
https://timken-us.ptplace.com/productDetail/_pn=LL778149_sc=90012?reference=PartSearchListLink,UPC,53893687797
https://timken-us.ptplace.com/productDetail/_pn=LL788349_sc=90019?reference=PartSearchListLink,UPC,53893688961
https://timken-us.ptplace.com/productDetail/_pn=LL889049_sc=90015?reference=PartSearchListLink,UPC,53893703992
https://timken-us.ptplace.com/productDetail/_pn=SET18_sc=900SA?reference=PartSearchListLink,UPC,53893885476
https://timken-us.ptplace.com/productDetail/_pn=SET905_sc=900SA?reference=PartSearchListLink,UPC,53893813813
https://timken-us.ptplace.com/productDetail/_pn=SET810_sc=900SA?reference=PartSearchListLink,UPC,53893841724
https://timken-us.ptplace.com/productDetail/_pn=LM272249_sc=90017?reference=PartSearchListLink,UPC,53893575872
https://timken-us.ptplace.com/productDetail/_pn=LM283649_sc=90015?reference=PartSearchListLink,UPC,53893585512
https://timken-us.ptplace.com/productDetail/_pn=LM283649H_sc=904B6?reference=PartSearchListLink,UPC,53893660660
https://timken-us.ptplace.com/productDetail/_pn=LM377449_sc=90041?reference=PartSearchListLink,UPC,53893606224
https://timken-us.ptplace.com/productDetail/_pn=SET813_sc=900SA?reference=PartSearchListLink,UPC,53893987484
https://timken-us.ptplace.com/productDetail/_pn=SET93_sc=900SA?reference=PartSearchListLink,UPC,53893839165
https://timken-us.ptplace.com/productDetail/_pn=SET467_sc=900SA?reference=PartSearchListLink,UPC,53893927558
https://timken-us.ptplace.com/productDetail/_pn=LM565946_sc=90022?reference=PartSearchListLink,UPC,53893647524
https://timken-us.ptplace.com/productDetail/_pn=LM603049_sc=90013?reference=PartSearchListLink,UPC,53893650654
https://timken-us.ptplace.com/productDetail/_pn=LM67048_sc=90015?reference=PartSearchListLink,UPC,53893806242
https://timken-us.ptplace.com/productDetail/_pn=LM770949_sc=90015?reference=PartSearchListLink,UPC,53893686547
https://timken-us.ptplace.com/productDetail/_pn=LM772748_sc=90037?reference=PartSearchListLink,UPC,53893686936
https://timken-us.ptplace.com/productDetail/_pn=SET246_sc=2?reference=PartSearchListLink,UPC,53893866215
https://timken-us.ptplace.com/productDetail/_pn=M236849H_sc=902A3?reference=PartSearchListLink,UPC,53893165974
https://timken-us.ptplace.com/productDetail/_pn=M268749_sc=90011?reference=PartSearchListLink,UPC,53893795775
https://timken-us.ptplace.com/productDetail/_pn=M270730_sc=902A9?reference=PartSearchListLink,UPC,53893020136
https://timken-us.ptplace.com/productDetail/_pn=M270749_sc=90047?reference=PartSearchListLink,UPC,53893574417
https://timken-us.ptplace.com/productDetail/_pn=M272749_sc=90039?reference=PartSearchListLink,UPC,53893576978
https://timken-us.ptplace.com/productDetail/_pn=M276449_sc=90051?reference=PartSearchListLink,UPC,53893581040
https://timken-us.ptplace.com/productDetail/_pn=M667948_sc=90066?reference=PartSearchListLink,UPC,53893662633
https://timken-us.ptplace.com/productDetail/_pn=SET309_sc=900SA?reference=PartSearchListLink,UPC,53893840222
https://timken-us.ptplace.com/productDetail/_pn=SET812_sc=900SA?reference=PartSearchListLink,UPC,53893987477
https://timken-us.ptplace.com/productDetail/_pn=SET427_sc=900SA?reference=PartSearchListLink,UPC,53893840994
https://timken-us.ptplace.com/productDetail/_pn=SET429_sc=900SA?reference=PartSearchListLink,UPC,53893841014
https://timken-us.ptplace.com/productDetail/_pn=SET446_sc=900SA?reference=PartSearchListLink,UPC,53893575971
https://timken-us.ptplace.com/productDetail/_pn=SET433_sc=900SA?reference=PartSearchListLink,UPC,53893841052
https://timken-us.ptplace.com/productDetail/_pn=SET441_sc=900SA?reference=PartSearchListLink,UPC,53893988054
https://timken-us.ptplace.com/productDetail/_pn=SET434_sc=900SA?reference=PartSearchListLink,UPC,53893841069
https://timken-us.ptplace.com/productDetail/_pn=HM120848_sc=90011?reference=PartSearchListLink,UPC,53893039336
https://timken-us.ptplace.com/productDetail/_pn=HM129843_sc=90138?reference=PartSearchListLink,UPC,53893039336
https://timken-us.ptplace.com/productDetail/_pn=786_sc=2?reference=PartSearchListLink,UPC,53893090788
https://timken-us.ptplace.com/productDetail/_pn=SET244_sc=900SA?reference=PartSearchListLink,UPC,53893839608
https://timken-us.ptplace.com/productDetail/_pn=178TQIK680DH1845%20H14?reference=PartSearchListLink,,
https://timken-us.ptplace.com/productDetail/_pn=12168_sc=2?reference=PartSearchListLink,,
https://timken-us.ptplace.com/productDetail/_pn=118TDOC9518%20CO1699%20G10?reference=PartSearchListLink,,
https://timken-us.ptplace.com/productDetail/_pn=160TDOC9653AA1940%20H6?reference=PartSearchListLink,,
https://timken-us.ptplace.com/productDetail/_pn=163TDOC8663DB1254%20H3?reference=PartSearchListLink,,
https://timken-us.ptplace.com/productDetail/_pn=220TDOC745%20DA957%20H10?reference=PartSearchListLink,,
